Participant_ID,Age,Gender,StudyPreference,Emotion,Exam1,Exam2,Task_Type,Trial_Number,Colour,Condition,CorrectAns,Word,KeyPressed,Correct,RT
P01,20,Male,Unsure,Avoidant,56,28,NoTimer,1,red,incongruent,r,Green,r,1,1.027731
P01,20,Male,Unsure,Avoidant,56,28,NoTimer,2,blue,incongruent,b,Yellow,b,1,0.963247
P01,20,Male,Unsure,Avoidant,56,28,NoTimer,3,red,congruent,r,Red,r,1,0.630608
P01,20,Male,Unsure,Avoidant,56,28,NoTimer,4,yellow,congruent,y,Yellow,y,1,0.678727
P01,20,Male,Unsure,Avoidant,56,28,NoTimer,5,red,congruent,r,Red,r,1,0.656251
P01,20,Male,Unsure,Avoidant,56,28,NoTimer,6,green,congruent,g,Green,g,1,0.672872
P01,20,Male,Unsure,Avoidant,56,28,NoTimer,7,blue,congruent,b,Blue,b,1,0.796774
P01,20,Male,Unsure,Avoidant,56,28,NoTimer,8,green,incongruent,g,Blue,g,1,1.274073
P01,20,Male,Unsure,Avoidant,56,28,NoTimer,9,green,congruent,g,Green,g,1,0.577909
P01,20,Male,Unsure,Avoidant,56,28,NoTimer,10,yellow,incongruent,y,Red,y,1,0.759855
P01,20,Male,Unsure,Avoidant,56,28,NoTimer,11,red,incongruent,r,Blue,r,1,0.816547
P01,20,Male,Unsure,Avoidant,56,28,NoTimer,12,blue,incongruent,b,Green,b,1,0.73199
P01,20,Male,Unsure,Avoidant,56,28,NoTimer,13,yellow,congruent,y,Yellow,y,1,0.708303
P01,20,Male,Unsure,Avoidant,56,28,NoTimer,14,green,incongruent,g,Red,g,1,1.182345
P01,20,Male,Unsure,Avoidant,56,28,NoTimer,15,yellow,incongruent,y,Blue,y,1,0.707899
P01,20,Male,Unsure,Avoidant,56,28,NoTimer,16,blue,incongruent,b,Red,b,1,1.084807
P01,20,Male,Unsure,Avoidant,56,28,NoTimer,17,green,incongruent,g,Yellow,g,1,0.955219
P01,20,Male,Unsure,Avoidant,56,28,NoTimer,18,red,incongruent,r,Yellow,r,1,1.002773
P01,20,Male,Unsure,Avoidant,56,28,NoTimer,19,yellow,incongruent,y,Green,y,1,0.773539
P01,20,Male,Unsure,Avoidant,56,28,NoTimer,20,blue,congruent,b,Blue,b,1,0.786828
P01,20,Male,Unsure,Avoidant,56,28,Timer,1,yellow,incongruent,y,Green,y,1,0.834711
P01,20,Male,Unsure,Avoidant,56,28,Timer,2,blue,congruent,b,Blue,b,1,1.083147
P01,20,Male,Unsure,Avoidant,56,28,Timer,3,red,congruent,r,Red,r,1,0.914287
P01,20,Male,Unsure,Avoidant,56,28,Timer,4,red,incongruent,r,Blue,r,1,0.482001
P01,20,Male,Unsure,Avoidant,56,28,Timer,5,yellow,incongruent,y,Red,y,1,0.548303
P01,20,Male,Unsure,Avoidant,56,28,Timer,6,red,incongruent,r,Green,r,1,0.541991
P01,20,Male,Unsure,Avoidant,56,28,Timer,7,green,incongruent,g,Red,g,1,0.703871
P01,20,Male,Unsure,Avoidant,56,28,Timer,8,green,congruent,g,Green,g,1,0.516884
P01,20,Male,Unsure,Avoidant,56,28,Timer,9,blue,incongruent,b,Yellow,b,1,0.721976
P01,20,Male,Unsure,Avoidant,56,28,Timer,10,yellow,incongruent,y,Blue,y,1,0.656147
P01,20,Male,Unsure,Avoidant,56,28,Timer,11,yellow,congruent,y,Yellow,y,1,0.435194
P01,20,Male,Unsure,Avoidant,56,28,Timer,12,blue,congruent,b,Blue,g,0,0.913832
P01,20,Male,Unsure,Avoidant,56,28,Timer,13,blue,incongruent,b,Green,b,1,1.454617
P01,20,Male,Unsure,Avoidant,56,28,Timer,14,red,incongruent,r,Yellow,r,1,0.843396
P01,20,Male,Unsure,Avoidant,56,28,Timer,15,blue,incongruent,b,Red,b,1,1.415613
P01,20,Male,Unsure,Avoidant,56,28,Timer,16,red,congruent,r,Red,r,1,0.634803
P01,20,Male,Unsure,Avoidant,56,28,Timer,17,green,incongruent,g,Yellow,g,1,1.019071
P01,20,Male,Unsure,Avoidant,56,28,Timer,18,yellow,congruent,y,Yellow,y,1,0.52358
P01,20,Male,Unsure,Avoidant,56,28,Timer,19,green,incongruent,g,Blue,g,1,1.054795
P01,20,Male,Unsure,Avoidant,56,28,Timer,20,green,congruent,g,Green,g,1,0.506971
P02,21,Male,Unsure,Neutral,40,10,NoTimer,1,green,incongruent,g,Yellow,g,1,0.855512
P02,21,Male,Unsure,Neutral,40,10,NoTimer,2,red,incongruent,r,Yellow,r,1,1.221913
P02,21,Male,Unsure,Neutral,40,10,NoTimer,3,yellow,incongruent,y,Green,y,1,0.680802
P02,21,Male,Unsure,Neutral,40,10,NoTimer,4,blue,incongruent,b,Green,b,1,0.716079
P02,21,Male,Unsure,Neutral,40,10,NoTimer,5,yellow,incongruent,y,Blue,y,1,1.024639
P02,21,Male,Unsure,Neutral,40,10,NoTimer,6,red,congruent,r,Red,r,1,0.521964
P02,21,Male,Unsure,Neutral,40,10,NoTimer,7,blue,incongruent,b,Red,b,1,0.822333
P02,21,Male,Unsure,Neutral,40,10,NoTimer,8,yellow,incongruent,y,Red,y,1,0.714066
P02,21,Male,Unsure,Neutral,40,10,NoTimer,9,red,incongruent,r,Blue,r,1,0.75269
P02,21,Male,Unsure,Neutral,40,10,NoTimer,10,blue,congruent,b,Blue,b,1,0.837257
P02,21,Male,Unsure,Neutral,40,10,NoTimer,11,yellow,congruent,y,Yellow,y,1,0.698077
P02,21,Male,Unsure,Neutral,40,10,NoTimer,12,yellow,congruent,y,Yellow,y,1,1.180994
P02,21,Male,Unsure,Neutral,40,10,NoTimer,13,blue,congruent,b,Blue,b,1,0.957175
P02,21,Male,Unsure,Neutral,40,10,NoTimer,14,red,incongruent,r,Green,r,1,0.86791
P02,21,Male,Unsure,Neutral,40,10,NoTimer,15,green,incongruent,g,Blue,g,1,0.886075
P02,21,Male,Unsure,Neutral,40,10,NoTimer,16,green,incongruent,g,Red,g,1,0.75271
P02,21,Male,Unsure,Neutral,40,10,NoTimer,17,green,congruent,g,Green,g,1,0.491092
P02,21,Male,Unsure,Neutral,40,10,NoTimer,18,blue,incongruent,b,Yellow,b,1,0.745312
P02,21,Male,Unsure,Neutral,40,10,NoTimer,19,green,congruent,g,Green,g,1,0.717349
P02,21,Male,Unsure,Neutral,40,10,NoTimer,20,red,congruent,r,Red,r,1,0.591588
P02,21,Male,Unsure,Neutral,40,10,Timer,1,blue,incongruent,b,Yellow,b,1,0.732957
P02,21,Male,Unsure,Neutral,40,10,Timer,2,green,congruent,g,Green,g,1,0.663009
P02,21,Male,Unsure,Neutral,40,10,Timer,3,blue,congruent,b,Blue,b,1,0.478974
P02,21,Male,Unsure,Neutral,40,10,Timer,4,green,congruent,g,Green,g,1,0.477717
P02,21,Male,Unsure,Neutral,40,10,Timer,5,red,incongruent,r,Yellow,r,1,0.656342
P02,21,Male,Unsure,Neutral,40,10,Timer,6,yellow,congruent,y,Yellow,y,1,0.64905
P02,21,Male,Unsure,Neutral,40,10,Timer,7,green,incongruent,g,Blue,g,1,0.533824
P02,21,Male,Unsure,Neutral,40,10,Timer,8,green,incongruent,g,Red,g,1,0.54241
P02,21,Male,Unsure,Neutral,40,10,Timer,9,red,congruent,r,Red,r,1,0.504167
P02,21,Male,Unsure,Neutral,40,10,Timer,10,yellow,incongruent,y,Blue,y,1,0.721934
P02,21,Male,Unsure,Neutral,40,10,Timer,11,red,incongruent,r,Blue,r,1,0.985
P02,21,Male,Unsure,Neutral,40,10,Timer,12,blue,incongruent,b,Green,b,1,0.625133
P02,21,Male,Unsure,Neutral,40,10,Timer,13,yellow,incongruent,y,Green,y,1,0.915646
P02,21,Male,Unsure,Neutral,40,10,Timer,14,blue,incongruent,b,Red,b,1,0.709907
P02,21,Male,Unsure,Neutral,40,10,Timer,15,green,incongruent,g,Yellow,g,1,0.600837
P02,21,Male,Unsure,Neutral,40,10,Timer,16,red,incongruent,r,Green,r,1,0.523734
P02,21,Male,Unsure,Neutral,40,10,Timer,17,yellow,incongruent,y,Red,y,1,0.646489
P02,21,Male,Unsure,Neutral,40,10,Timer,18,yellow,congruent,y,Yellow,y,1,0.516837
P02,21,Male,Unsure,Neutral,40,10,Timer,19,red,congruent,r,Red,r,1,0.556907
P02,21,Male,Unsure,Neutral,40,10,Timer,20,blue,congruent,b,Blue,b,1,0.88053
P03,20,Male,NoTimer,Stressed,31.6,48,NoTimer,1,blue,incongruent,b,Red,b,1,1.5004275
P03,20,Male,NoTimer,Stressed,31.6,48,NoTimer,2,red,congruent,r,Red,r,1,1.2931414
P03,20,Male,NoTimer,Stressed,31.6,48,NoTimer,3,red,incongruent,r,Green,g,0,0.8667882
P03,20,Male,NoTimer,Stressed,31.6,48,NoTimer,4,red,congruent,r,Red,r,1,3.3512617
P03,20,Male,NoTimer,Stressed,31.6,48,NoTimer,5,green,congruent,g,Green,g,1,1.1550993
P03,20,Male,NoTimer,Stressed,31.6,48,NoTimer,6,green,incongruent,g,Blue,g,1,1.9486686
P03,20,Male,NoTimer,Stressed,31.6,48,NoTimer,7,yellow,congruent,y,Yellow,y,1,1.1157408
P03,20,Male,NoTimer,Stressed,31.6,48,NoTimer,8,red,incongruent,r,Yellow,r,1,1.8872972
P03,20,Male,NoTimer,Stressed,31.6,48,NoTimer,9,yellow,incongruent,y,Blue,y,1,2.2741816
P03,20,Male,NoTimer,Stressed,31.6,48,NoTimer,10,blue,congruent,b,Blue,b,1,0.8293749
P03,20,Male,NoTimer,Stressed,31.6,48,NoTimer,11,blue,congruent,b,Blue,b,1,0.8790451
P03,20,Male,NoTimer,Stressed,31.6,48,NoTimer,12,blue,incongruent,b,Green,b,1,1.1506019
P03,20,Male,NoTimer,Stressed,31.6,48,NoTimer,13,green,incongruent,g,Red,g,1,2.902561
P03,20,Male,NoTimer,Stressed,31.6,48,NoTimer,14,yellow,congruent,y,Yellow,y,1,1.0296315
P03,20,Male,NoTimer,Stressed,31.6,48,NoTimer,15,green,incongruent,g,Yellow,g,1,2.2715236
P03,20,Male,NoTimer,Stressed,31.6,48,NoTimer,16,yellow,incongruent,y,Green,y,1,3.6444147
P03,20,Male,NoTimer,Stressed,31.6,48,NoTimer,17,blue,incongruent,b,Yellow,b,1,1.0105405
P03,20,Male,NoTimer,Stressed,31.6,48,NoTimer,18,green,congruent,g,Green,g,1,2.8323374
P03,20,Male,NoTimer,Stressed,31.6,48,NoTimer,19,red,incongruent,r,Blue,r,1,1.4023775
P03,20,Male,NoTimer,Stressed,31.6,48,NoTimer,20,yellow,incongruent,y,Red,y,1,1.0700905
P03,20,Male,NoTimer,Stressed,31.6,48,Timer,1,blue,congruent,b,Blue,b,1,2.0818198
P03,20,Male,NoTimer,Stressed,31.6,48,Timer,2,yellow,incongruent,y,Red,y,1,1.3446669
P03,20,Male,NoTimer,Stressed,31.6,48,Timer,3,red,congruent,r,Red,r,1,1.9400213
P03,20,Male,NoTimer,Stressed,31.6,48,Timer,4,green,incongruent,g,Blue,g,1,1.7394675
P03,20,Male,NoTimer,Stressed,31.6,48,Timer,5,green,incongruent,g,Yellow,g,1,1.0254677
P03,20,Male,NoTimer,Stressed,31.6,48,Timer,6,green,incongruent,g,Red,g,1,0.6121973
P03,20,Male,NoTimer,Stressed,31.6,48,Timer,7,yellow,incongruent,y,Green,y,1,0.9588003
P03,20,Male,NoTimer,Stressed,31.6,48,Timer,8,yellow,congruent,y,Yellow,y,1,0.8114297
P03,20,Male,NoTimer,Stressed,31.6,48,Timer,9,blue,incongruent,b,Green,b,1,1.0414469
P03,20,Male,NoTimer,Stressed,31.6,48,Timer,10,yellow,congruent,y,Yellow,y,1,0.8561229
P03,20,Male,NoTimer,Stressed,31.6,48,Timer,11,blue,incongruent,b,Yellow,b,1,1.1894894
P03,20,Male,NoTimer,Stressed,31.6,48,Timer,12,red,incongruent,r,Yellow,r,1,1.0211239
P03,20,Male,NoTimer,Stressed,31.6,48,Timer,13,red,incongruent,r,Green,r,1,0.9216382
P03,20,Male,NoTimer,Stressed,31.6,48,Timer,14,blue,congruent,b,Blue,b,1,0.7916729
P03,20,Male,NoTimer,Stressed,31.6,48,Timer,15,green,congruent,g,Green,g,1,0.7783487
P03,20,Male,NoTimer,Stressed,31.6,48,Timer,16,yellow,incongruent,y,Blue,y,1,2.292801
P03,20,Male,NoTimer,Stressed,31.6,48,Timer,17,green,congruent,g,Green,g,1,2.2050244
P03,20,Male,NoTimer,Stressed,31.6,48,Timer,18,blue,incongruent,b,Red,b,1,1.0888636
P03,20,Male,NoTimer,Stressed,31.6,48,Timer,19,red,incongruent,r,Blue,r,1,0.8380238
P03,20,Male,NoTimer,Stressed,31.6,48,Timer,20,red,congruent,r,Red,r,1,0.3993041
P04,19,Male,NoTimer,Stressed,75,50,NoTimer,1,blue,incongruent,b,Yellow,b,1,1.5955828
P04,19,Male,NoTimer,Stressed,75,50,NoTimer,2,yellow,congruent,y,Yellow,y,1,1.0991877
P04,19,Male,NoTimer,Stressed,75,50,NoTimer,3,blue,congruent,b,Blue,b,1,0.8474786
P04,19,Male,NoTimer,Stressed,75,50,NoTimer,4,green,incongruent,g,Blue,g,1,2.1257708
P04,19,Male,NoTimer,Stressed,75,50,NoTimer,5,red,incongruent,r,Yellow,r,1,0.9407574
P04,19,Male,NoTimer,Stressed,75,50,NoTimer,6,green,congruent,g,Green,g,1,1.3408584
P04,19,Male,NoTimer,Stressed,75,50,NoTimer,7,blue,incongruent,b,Green,b,1,1.6337852
P04,19,Male,NoTimer,Stressed,75,50,NoTimer,8,green,incongruent,g,Yellow,g,1,1.5920666
P04,19,Male,NoTimer,Stressed,75,50,NoTimer,9,yellow,incongruent,y,Green,y,1,0.9741026
P04,19,Male,NoTimer,Stressed,75,50,NoTimer,10,green,congruent,g,Green,g,1,0.8100561
P04,19,Male,NoTimer,Stressed,75,50,NoTimer,11,red,congruent,r,Red,r,1,0.9122018
P04,19,Male,NoTimer,Stressed,75,50,NoTimer,12,yellow,congruent,y,Yellow,y,1,1.275353
P04,19,Male,NoTimer,Stressed,75,50,NoTimer,13,yellow,incongruent,y,Red,y,1,1.2473682
P04,19,Male,NoTimer,Stressed,75,50,NoTimer,14,green,incongruent,g,Red,g,1,1.3037241
P04,19,Male,NoTimer,Stressed,75,50,NoTimer,15,red,congruent,r,Red,r,1,1.3800416
P04,19,Male,NoTimer,Stressed,75,50,NoTimer,16,yellow,incongruent,y,Blue,y,1,1.7847889
P04,19,Male,NoTimer,Stressed,75,50,NoTimer,17,red,incongruent,r,Blue,r,1,0.9974307
P04,19,Male,NoTimer,Stressed,75,50,NoTimer,18,blue,incongruent,b,Red,b,1,2.2880722
P04,19,Male,NoTimer,Stressed,75,50,NoTimer,19,blue,congruent,b,Blue,b,1,0.7043333
P04,19,Male,NoTimer,Stressed,75,50,NoTimer,20,red,incongruent,r,Green,r,1,1.7637027
P04,19,Male,NoTimer,Stressed,75,50,Timer,1,blue,congruent,b,Blue,b,1,1.4847932
P04,19,Male,NoTimer,Stressed,75,50,Timer,2,blue,incongruent,b,Yellow,b,1,0.934559
P04,19,Male,NoTimer,Stressed,75,50,Timer,3,green,congruent,g,Green,g,1,1.1031139
P04,19,Male,NoTimer,Stressed,75,50,Timer,4,red,incongruent,r,Blue,r,1,0.8869251
P04,19,Male,NoTimer,Stressed,75,50,Timer,5,yellow,congruent,y,Yellow,y,1,0.8662158
P04,19,Male,NoTimer,Stressed,75,50,Timer,6,green,incongruent,g,Blue,g,1,3.0483421
P04,19,Male,NoTimer,Stressed,75,50,Timer,7,blue,congruent,b,Blue,b,1,1.0731855
P04,19,Male,NoTimer,Stressed,75,50,Timer,8,yellow,incongruent,y,Red,y,1,1.1927938
P04,19,Male,NoTimer,Stressed,75,50,Timer,9,yellow,incongruent,y,Blue,y,1,1.5013486
P04,19,Male,NoTimer,Stressed,75,50,Timer,10,red,congruent,r,Red,r,1,0.7358047
P04,19,Male,NoTimer,Stressed,75,50,Timer,11,yellow,incongruent,y,Green,y,1,1.0527539
P04,19,Male,NoTimer,Stressed,75,50,Timer,12,yellow,congruent,y,Yellow,y,1,0.4691244
P04,19,Male,NoTimer,Stressed,75,50,Timer,13,green,incongruent,g,Yellow,g,1,2.4202819
P04,19,Male,NoTimer,Stressed,75,50,Timer,14,green,congruent,g,Green,g,1,1.4389309
P04,19,Male,NoTimer,Stressed,75,50,Timer,15,red,congruent,r,Red,r,1,0.7376905
P04,19,Male,NoTimer,Stressed,75,50,Timer,16,red,incongruent,r,Yellow,r,1,0.941145
P04,19,Male,NoTimer,Stressed,75,50,Timer,17,blue,incongruent,b,Red,b,1,2.8108149
P04,19,Male,NoTimer,Stressed,75,50,Timer,18,blue,incongruent,b,Green,b,1,5.6725731
P04,19,Male,NoTimer,Stressed,75,50,Timer,19,green,incongruent,g,Red,r,0,1.1080317
P04,19,Male,NoTimer,Stressed,75,50,Timer,20,red,incongruent,r,Green,r,1,0.9328751
P05,23,Female,NoTimer,Motivated,72,83,NoTimer,1,red,incongruent,r,Blue,r,1,1.2427735
P05,23,Female,NoTimer,Motivated,72,83,NoTimer,2,red,incongruent,r,Green,r,1,0.7666584
P05,23,Female,NoTimer,Motivated,72,83,NoTimer,3,green,incongruent,g,Yellow,g,1,0.9532775
P05,23,Female,NoTimer,Motivated,72,83,NoTimer,4,green,congruent,g,Green,g,1,0.7389299
P05,23,Female,NoTimer,Motivated,72,83,NoTimer,5,red,congruent,r,Red,r,1,0.7241976
P05,23,Female,NoTimer,Motivated,72,83,NoTimer,6,green,incongruent,g,Red,g,1,1.0565683
P05,23,Female,NoTimer,Motivated,72,83,NoTimer,7,yellow,incongruent,y,Green,y,1,1.0995452
P05,23,Female,NoTimer,Motivated,72,83,NoTimer,8,blue,incongruent,b,Green,b,1,1.0595778
P05,23,Female,NoTimer,Motivated,72,83,NoTimer,9,blue,congruent,b,Blue,b,1,0.7906449
P05,23,Female,NoTimer,Motivated,72,83,NoTimer,10,yellow,incongruent,y,Red,y,1,1.7502107
P05,23,Female,NoTimer,Motivated,72,83,NoTimer,11,green,congruent,g,Green,g,1,0.8326763
P05,23,Female,NoTimer,Motivated,72,83,NoTimer,12,yellow,congruent,y,Yellow,y,1,0.5655356
P05,23,Female,NoTimer,Motivated,72,83,NoTimer,13,yellow,congruent,y,Yellow,y,1,1.0974155
P05,23,Female,NoTimer,Motivated,72,83,NoTimer,14,blue,incongruent,b,Yellow,b,1,0.9241834
P05,23,Female,NoTimer,Motivated,72,83,NoTimer,15,blue,congruent,b,Blue,b,1,0.7203406
P05,23,Female,NoTimer,Motivated,72,83,NoTimer,16,green,incongruent,g,Blue,g,1,1.7127408
P05,23,Female,NoTimer,Motivated,72,83,NoTimer,17,red,incongruent,r,Yellow,r,1,1.4962612
P05,23,Female,NoTimer,Motivated,72,83,NoTimer,18,blue,incongruent,b,Red,b,1,0.858475
P05,23,Female,NoTimer,Motivated,72,83,NoTimer,19,red,congruent,r,Red,r,1,0.9369689
P05,23,Female,NoTimer,Motivated,72,83,NoTimer,20,yellow,incongruent,y,Blue,y,1,1.4666455
P05,23,Female,NoTimer,Motivated,72,83,Timer,1,green,incongruent,g,Red,g,1,1.4732469
P05,23,Female,NoTimer,Motivated,72,83,Timer,2,red,incongruent,r,Blue,r,1,0.7381894
P05,23,Female,NoTimer,Motivated,72,83,Timer,3,blue,incongruent,b,Red,b,1,0.7260926
P05,23,Female,NoTimer,Motivated,72,83,Timer,4,yellow,incongruent,y,Green,y,1,1.1648281
P05,23,Female,NoTimer,Motivated,72,83,Timer,5,yellow,congruent,y,Yellow,y,1,0.5335805
P05,23,Female,NoTimer,Motivated,72,83,Timer,6,green,incongruent,g,Blue,g,1,1.9262166
P05,23,Female,NoTimer,Motivated,72,83,Timer,7,blue,incongruent,b,Green,b,1,0.551879
P05,23,Female,NoTimer,Motivated,72,83,Timer,8,yellow,congruent,y,Yellow,y,1,0.5264422
P05,23,Female,NoTimer,Motivated,72,83,Timer,9,blue,congruent,b,Blue,b,1,0.6068957
P05,23,Female,NoTimer,Motivated,72,83,Timer,10,red,incongruent,r,Green,r,1,1.0982866
P05,23,Female,NoTimer,Motivated,72,83,Timer,11,green,congruent,g,Green,g,1,1.0081657
P05,23,Female,NoTimer,Motivated,72,83,Timer,12,yellow,incongruent,y,Blue,y,1,1.6651563
P05,23,Female,NoTimer,Motivated,72,83,Timer,13,yellow,incongruent,y,Red,y,1,0.4026881
P05,23,Female,NoTimer,Motivated,72,83,Timer,14,red,incongruent,r,Yellow,r,1,0.7183764
P05,23,Female,NoTimer,Motivated,72,83,Timer,15,red,congruent,r,Red,r,1,0.936969
P05,23,Female,NoTimer,Motivated,72,83,Timer,16,blue,congruent,b,Blue,b,1,0.872546
P05,23,Female,NoTimer,Motivated,72,83,Timer,17,green,congruent,g,Green,g,1,1.1263745
P05,23,Female,NoTimer,Motivated,72,83,Timer,18,red,congruent,r,Red,r,1,1.0009074
P05,23,Female,NoTimer,Motivated,72,83,Timer,19,green,incongruent,g,Yellow,g,1,2.2108509
P05,23,Female,NoTimer,Motivated,72,83,Timer,20,blue,incongruent,b,Yellow,b,1,1.0351429
P06,20,Female,Timer,Neutral,93,95,NoTimer,1,green,congruent,g,Green,g,1,1.369735
P06,20,Female,Timer,Neutral,93,95,NoTimer,2,yellow,congruent,y,Yellow,y,1,1.281995
P06,20,Female,Timer,Neutral,93,95,NoTimer,3,green,incongruent,g,Red,g,1,0.9966781
P06,20,Female,Timer,Neutral,93,95,NoTimer,4,yellow,incongruent,y,Green,y,1,0.6312863
P06,20,Female,Timer,Neutral,93,95,NoTimer,5,blue,congruent,b,Blue,b,1,1.5524117
P06,20,Female,Timer,Neutral,93,95,NoTimer,6,yellow,congruent,y,Yellow,y,1,1.3455811
P06,20,Female,Timer,Neutral,93,95,NoTimer,7,green,incongruent,g,Blue,g,1,0.9148431
P06,20,Female,Timer,Neutral,93,95,NoTimer,8,green,incongruent,g,Yellow,g,1,0.6911676
P06,20,Female,Timer,Neutral,93,95,NoTimer,9,blue,incongruent,b,Green,b,1,1.739292
P06,20,Female,Timer,Neutral,93,95,NoTimer,10,yellow,incongruent,y,Blue,y,1,1.2181552
P06,20,Female,Timer,Neutral,93,95,NoTimer,11,yellow,incongruent,y,Red,y,1,0.6152653
P06,20,Female,Timer,Neutral,93,95,NoTimer,12,red,congruent,r,Red,r,1,0.8560244
P06,20,Female,Timer,Neutral,93,95,NoTimer,13,green,congruent,g,Green,g,1,1.0176244
P06,20,Female,Timer,Neutral,93,95,NoTimer,14,red,congruent,r,Red,r,1,1.0851684
P06,20,Female,Timer,Neutral,93,95,NoTimer,15,blue,incongruent,b,Yellow,b,1,1.2947988
P06,20,Female,Timer,Neutral,93,95,NoTimer,16,red,incongruent,r,Blue,r,1,2.1714164
P06,20,Female,Timer,Neutral,93,95,NoTimer,17,blue,incongruent,b,Red,b,1,2.1871357
P06,20,Female,Timer,Neutral,93,95,NoTimer,18,red,incongruent,r,Green,r,1,1.5911433
P06,20,Female,Timer,Neutral,93,95,NoTimer,19,blue,congruent,b,Blue,b,1,1.0191038
P06,20,Female,Timer,Neutral,93,95,NoTimer,20,red,incongruent,r,Yellow,r,1,0.9363643
P06,20,Female,Timer,Neutral,93,95,Timer,1,red,incongruent,r,Green,r,1,1.9427076
P06,20,Female,Timer,Neutral,93,95,Timer,2,yellow,congruent,y,Yellow,y,1,0.8802571
P06,20,Female,Timer,Neutral,93,95,Timer,3,yellow,incongruent,y,Blue,y,1,0.6822617
P06,20,Female,Timer,Neutral,93,95,Timer,4,blue,incongruent,b,Green,b,1,1.1145997
P06,20,Female,Timer,Neutral,93,95,Timer,5,blue,incongruent,b,Red,b,1,1.0854009
P06,20,Female,Timer,Neutral,93,95,Timer,6,red,incongruent,r,Blue,r,1,1.2708813
P06,20,Female,Timer,Neutral,93,95,Timer,7,red,congruent,r,Red,r,1,0.4808614
P06,20,Female,Timer,Neutral,93,95,Timer,8,blue,congruent,b,Blue,b,1,0.9874972
P06,20,Female,Timer,Neutral,93,95,Timer,9,blue,congruent,b,Blue,b,1,0.9242032
P06,20,Female,Timer,Neutral,93,95,Timer,10,green,incongruent,g,Blue,g,1,1.2291283
P06,20,Female,Timer,Neutral,93,95,Timer,11,green,incongruent,g,Yellow,g,1,0.5598951
P06,20,Female,Timer,Neutral,93,95,Timer,12,yellow,incongruent,y,Red,y,1,2.0996908
P06,20,Female,Timer,Neutral,93,95,Timer,13,green,congruent,g,Green,g,1,0.9678648
P06,20,Female,Timer,Neutral,93,95,Timer,14,blue,incongruent,b,Yellow,b,1,0.9896864
P06,20,Female,Timer,Neutral,93,95,Timer,15,red,incongruent,r,Yellow,r,1,0.9455168
P06,20,Female,Timer,Neutral,93,95,Timer,16,green,incongruent,g,Red,g,1,1.2105384
P06,20,Female,Timer,Neutral,93,95,Timer,17,green,congruent,g,Green,g,1,0.5177753
P06,20,Female,Timer,Neutral,93,95,Timer,18,yellow,congruent,y,Yellow,y,1,0.7735268
P06,20,Female,Timer,Neutral,93,95,Timer,19,yellow,incongruent,y,Green,y,1,1.3331358
P06,20,Female,Timer,Neutral,93,95,Timer,20,red,congruent,r,Red,r,1,0.9088368
P07,19,Female,Timer,Motivated,89,84,NoTimer,1,yellow,incongruent,y,Green,g,0,1.1858878
P07,19,Female,Timer,Motivated,89,84,NoTimer,2,blue,congruent,b,Blue,b,1,0.8926438
P07,19,Female,Timer,Motivated,89,84,NoTimer,3,green,congruent,g,Green,g,1,1.2213502
P07,19,Female,Timer,Motivated,89,84,NoTimer,4,green,incongruent,g,Red,g,1,1.1722807
P07,19,Female,Timer,Motivated,89,84,NoTimer,5,blue,congruent,b,Blue,b,1,0.7206451
P07,19,Female,Timer,Motivated,89,84,NoTimer,6,green,congruent,g,Green,g,1,0.7407824
P07,19,Female,Timer,Motivated,89,84,NoTimer,7,green,incongruent,g,Yellow,g,1,1.1220596
P07,19,Female,Timer,Motivated,89,84,NoTimer,8,red,congruent,r,Red,r,1,0.7614411
P07,19,Female,Timer,Motivated,89,84,NoTimer,9,blue,incongruent,b,Yellow,b,1,1.1183127
P07,19,Female,Timer,Motivated,89,84,NoTimer,10,red,incongruent,r,Yellow,r,1,0.9468925
P07,19,Female,Timer,Motivated,89,84,NoTimer,11,blue,incongruent,b,Green,b,1,1.6089994
P07,19,Female,Timer,Motivated,89,84,NoTimer,12,yellow,congruent,y,Yellow,y,1,0.8841911
P07,19,Female,Timer,Motivated,89,84,NoTimer,13,yellow,incongruent,y,Red,y,1,0.9300792
P07,19,Female,Timer,Motivated,89,84,NoTimer,14,green,incongruent,g,Blue,g,1,1.0692766
P07,19,Female,Timer,Motivated,89,84,NoTimer,15,red,congruent,r,Red,r,1,1.2171551
P07,19,Female,Timer,Motivated,89,84,NoTimer,16,yellow,incongruent,y,Blue,y,1,1.2753381
P07,19,Female,Timer,Motivated,89,84,NoTimer,17,red,incongruent,r,Blue,r,1,1.1676327
P07,19,Female,Timer,Motivated,89,84,NoTimer,18,yellow,congruent,y,Yellow,y,1,1.0249236
P07,19,Female,Timer,Motivated,89,84,NoTimer,19,blue,incongruent,b,Red,b,1,1.6628349
P07,19,Female,Timer,Motivated,89,84,NoTimer,20,red,incongruent,r,Green,r,1,1.4593977
P07,19,Female,Timer,Motivated,89,84,Timer,1,yellow,congruent,y,Yellow,y,1,1.0742668
P07,19,Female,Timer,Motivated,89,84,Timer,2,green,congruent,g,Green,g,1,0.9456324
P07,19,Female,Timer,Motivated,89,84,Timer,3,yellow,congruent,y,Yellow,y,1,0.7058554
P07,19,Female,Timer,Motivated,89,84,Timer,4,green,incongruent,g,Yellow,g,1,0.9279726
P07,19,Female,Timer,Motivated,89,84,Timer,5,blue,incongruent,b,Red,b,1,1.5557049
P07,19,Female,Timer,Motivated,89,84,Timer,6,green,congruent,g,Green,g,1,0.6745207
P07,19,Female,Timer,Motivated,89,84,Timer,7,red,congruent,r,Red,r,1,0.7172107
P07,19,Female,Timer,Motivated,89,84,Timer,8,blue,congruent,b,Blue,b,1,0.6709717
P07,19,Female,Timer,Motivated,89,84,Timer,9,red,incongruent,r,Blue,r,1,1.3551758
P07,19,Female,Timer,Motivated,89,84,Timer,10,green,incongruent,g,Blue,g,1,0.8944231
P07,19,Female,Timer,Motivated,89,84,Timer,11,blue,incongruent,b,Green,b,1,1.218312
P07,19,Female,Timer,Motivated,89,84,Timer,12,yellow,incongruent,y,Green,y,1,1.776741
P07,19,Female,Timer,Motivated,89,84,Timer,13,yellow,incongruent,y,Red,r,0,1.1195551
P07,19,Female,Timer,Motivated,89,84,Timer,14,red,congruent,r,Red,r,1,1.6672246
P07,19,Female,Timer,Motivated,89,84,Timer,15,yellow,incongruent,y,Blue,y,1,1.1472443
P07,19,Female,Timer,Motivated,89,84,Timer,16,red,incongruent,r,Green,r,1,1.5787744
P07,19,Female,Timer,Motivated,89,84,Timer,17,green,incongruent,g,Red,g,1,1.0418247
P07,19,Female,Timer,Motivated,89,84,Timer,18,blue,congruent,b,Blue,b,1,1.9315347
P07,19,Female,Timer,Motivated,89,84,Timer,19,blue,incongruent,b,Yellow,b,1,0.931211
P07,19,Female,Timer,Motivated,89,84,Timer,20,red,incongruent,r,Yellow,r,1,0.9461235
P08,19,Female,Timer,Stressed,97,89,NoTimer,1,blue,congruent,b,Blue,b,1,0.9924459
P08,19,Female,Timer,Stressed,97,89,NoTimer,2,blue,incongruent,b,Red,b,1,1.1288364
P08,19,Female,Timer,Stressed,97,89,NoTimer,3,red,congruent,r,Red,r,1,1.4114081
P08,19,Female,Timer,Stressed,97,89,NoTimer,4,blue,congruent,b,Blue,b,1,0.7942449
P08,19,Female,Timer,Stressed,97,89,NoTimer,5,red,incongruent,r,Yellow,r,1,0.8883349
P08,19,Female,Timer,Stressed,97,89,NoTimer,6,yellow,congruent,y,Yellow,y,1,1.1162647
P08,19,Female,Timer,Stressed,97,89,NoTimer,7,green,congruent,g,Green,g,1,1.342217
P08,19,Female,Timer,Stressed,97,89,NoTimer,8,green,incongruent,g,Blue,b,0,0.6762127
P08,19,Female,Timer,Stressed,97,89,NoTimer,9,red,congruent,r,Red,r,1,1.1504512
P08,19,Female,Timer,Stressed,97,89,NoTimer,10,blue,incongruent,b,Yellow,b,1,0.901128
P08,19,Female,Timer,Stressed,97,89,NoTimer,11,green,congruent,g,Green,g,1,0.8246704
P08,19,Female,Timer,Stressed,97,89,NoTimer,12,yellow,congruent,y,Yellow,y,1,0.9430488
P08,19,Female,Timer,Stressed,97,89,NoTimer,13,red,incongruent,r,Green,r,1,0.8809915
P08,19,Female,Timer,Stressed,97,89,NoTimer,14,blue,incongruent,b,Green,b,1,0.7920058
P08,19,Female,Timer,Stressed,97,89,NoTimer,15,green,incongruent,g,Yellow,g,1,0.8881784
P08,19,Female,Timer,Stressed,97,89,NoTimer,16,yellow,incongruent,y,Green,y,1,0.732839
P08,19,Female,Timer,Stressed,97,89,NoTimer,17,red,incongruent,r,Blue,r,1,1.4567525
P08,19,Female,Timer,Stressed,97,89,NoTimer,18,green,incongruent,g,Red,g,1,1.4229811
P08,19,Female,Timer,Stressed,97,89,NoTimer,19,yellow,incongruent,y,Blue,y,1,1.2207046
P08,19,Female,Timer,Stressed,97,89,NoTimer,20,yellow,incongruent,y,Red,y,1,1.1132949
P08,19,Female,Timer,Stressed,97,89,Timer,1,green,congruent,g,Green,g,1,1.1688298
P08,19,Female,Timer,Stressed,97,89,Timer,2,yellow,congruent,y,Yellow,y,1,0.8535182
P08,19,Female,Timer,Stressed,97,89,Timer,3,yellow,incongruent,y,Red,r,0,0.6667296
P08,19,Female,Timer,Stressed,97,89,Timer,4,red,incongruent,r,Green,r,1,1.9336409
P08,19,Female,Timer,Stressed,97,89,Timer,5,blue,incongruent,b,Yellow,b,1,2.6419991
P08,19,Female,Timer,Stressed,97,89,Timer,6,red,incongruent,r,Yellow,r,1,0.8720055
P08,19,Female,Timer,Stressed,97,89,Timer,7,yellow,congruent,y,Yellow,y,1,0.8975024
P08,19,Female,Timer,Stressed,97,89,Timer,8,green,congruent,g,Green,g,1,0.5678561
P08,19,Female,Timer,Stressed,97,89,Timer,9,red,congruent,r,Red,r,1,0.8303536
P08,19,Female,Timer,Stressed,97,89,Timer,10,blue,congruent,b,Blue,b,1,1.0037326
P08,19,Female,Timer,Stressed,97,89,Timer,11,blue,congruent,b,Blue,b,1,0.939641
P08,19,Female,Timer,Stressed,97,89,Timer,12,blue,incongruent,b,Green,b,1,0.969657
P08,19,Female,Timer,Stressed,97,89,Timer,13,yellow,incongruent,y,Green,y,1,1.3518767
P08,19,Female,Timer,Stressed,97,89,Timer,14,green,incongruent,g,Yellow,g,1,0.7948076
P08,19,Female,Timer,Stressed,97,89,Timer,15,green,incongruent,g,Red,g,1,1.2745503
P08,19,Female,Timer,Stressed,97,89,Timer,16,green,incongruent,g,Blue,g,1,1.513504
P08,19,Female,Timer,Stressed,97,89,Timer,17,red,incongruent,r,Blue,r,1,0.8935953
P08,19,Female,Timer,Stressed,97,89,Timer,18,blue,incongruent,b,Red,b,1,1.1524257
P08,19,Female,Timer,Stressed,97,89,Timer,19,yellow,incongruent,y,Blue,y,1,0.900429
P08,19,Female,Timer,Stressed,97,89,Timer,20,red,congruent,r,Red,r,1,1.2810063
P09,20,Female,Unsure,Motivated,95,77.7,NoTimer,1,green,congruent,g,Green,g,1,1.2132449
P09,20,Female,Unsure,Motivated,95,77.7,NoTimer,2,green,incongruent,g,Blue,g,1,0.6822312
P09,20,Female,Unsure,Motivated,95,77.7,NoTimer,3,blue,incongruent,b,Green,b,1,0.7610721
P09,20,Female,Unsure,Motivated,95,77.7,NoTimer,4,green,congruent,g,Green,g,1,0.828878
P09,20,Female,Unsure,Motivated,95,77.7,NoTimer,5,red,incongruent,r,Yellow,y,0,0.9005763
P09,20,Female,Unsure,Motivated,95,77.7,NoTimer,6,red,incongruent,r,Green,r,1,1.3242368
P09,20,Female,Unsure,Motivated,95,77.7,NoTimer,7,blue,incongruent,b,Red,b,1,1.4069504
P09,20,Female,Unsure,Motivated,95,77.7,NoTimer,8,yellow,congruent,y,Yellow,y,1,0.590164
P09,20,Female,Unsure,Motivated,95,77.7,NoTimer,9,yellow,incongruent,y,Red,y,1,0.504302
P09,20,Female,Unsure,Motivated,95,77.7,NoTimer,10,yellow,incongruent,y,Green,y,1,0.5052412
P09,20,Female,Unsure,Motivated,95,77.7,NoTimer,11,green,incongruent,g,Yellow,g,1,1.000972
P09,20,Female,Unsure,Motivated,95,77.7,NoTimer,12,blue,incongruent,b,Yellow,b,1,1.067301
P09,20,Female,Unsure,Motivated,95,77.7,NoTimer,13,red,congruent,r,Red,r,1,0.8178937
P09,20,Female,Unsure,Motivated,95,77.7,NoTimer,14,blue,congruent,b,Blue,b,1,0.9686351
P09,20,Female,Unsure,Motivated,95,77.7,NoTimer,15,green,incongruent,g,Red,g,1,1.0475344
P09,20,Female,Unsure,Motivated,95,77.7,NoTimer,16,yellow,incongruent,y,Blue,y,1,1.3704891
P09,20,Female,Unsure,Motivated,95,77.7,NoTimer,17,red,incongruent,r,Blue,r,1,1.0664984
P09,20,Female,Unsure,Motivated,95,77.7,NoTimer,18,blue,congruent,b,Blue,b,1,0.9933169
P09,20,Female,Unsure,Motivated,95,77.7,NoTimer,19,red,congruent,r,Red,r,1,1.3688848
P09,20,Female,Unsure,Motivated,95,77.7,NoTimer,20,yellow,congruent,y,Yellow,y,1,0.6446785
P09,20,Female,Unsure,Motivated,95,77.7,Timer,1,green,incongruent,g,Red,g,1,1.0539501
P09,20,Female,Unsure,Motivated,95,77.7,Timer,2,blue,incongruent,b,Red,b,1,1.2063008
P09,20,Female,Unsure,Motivated,95,77.7,Timer,3,red,incongruent,r,Yellow,y,0,1.163821
P09,20,Female,Unsure,Motivated,95,77.7,Timer,4,green,incongruent,g,Blue,g,1,1.5435609
P09,20,Female,Unsure,Motivated,95,77.7,Timer,5,red,incongruent,r,Blue,r,1,1.452855
P09,20,Female,Unsure,Motivated,95,77.7,Timer,6,yellow,incongruent,y,Red,y,1,1.5681723
P09,20,Female,Unsure,Motivated,95,77.7,Timer,7,red,congruent,r,Red,r,1,0.9248479
P09,20,Female,Unsure,Motivated,95,77.7,Timer,8,green,incongruent,g,Yellow,g,1,1.3642756
P09,20,Female,Unsure,Motivated,95,77.7,Timer,9,blue,congruent,b,Blue,b,1,0.7498642
P09,20,Female,Unsure,Motivated,95,77.7,Timer,10,green,congruent,g,Green,g,1,1.196959
P09,20,Female,Unsure,Motivated,95,77.7,Timer,11,yellow,incongruent,y,Blue,y,1,1.661783
P09,20,Female,Unsure,Motivated,95,77.7,Timer,12,blue,incongruent,b,Yellow,b,1,1.7060541
P09,20,Female,Unsure,Motivated,95,77.7,Timer,13,blue,congruent,b,Blue,b,1,1.6135185
P09,20,Female,Unsure,Motivated,95,77.7,Timer,14,red,incongruent,r,Green,r,1,0.8763745
P09,20,Female,Unsure,Motivated,95,77.7,Timer,15,red,congruent,r,Red,r,1,0.5647299
P09,20,Female,Unsure,Motivated,95,77.7,Timer,16,blue,incongruent,b,Green,g,0,1.5792364
P09,20,Female,Unsure,Motivated,95,77.7,Timer,17,green,congruent,g,Green,g,1,0.9038556
P09,20,Female,Unsure,Motivated,95,77.7,Timer,18,yellow,congruent,y,Yellow,y,1,0.9626304
P09,20,Female,Unsure,Motivated,95,77.7,Timer,19,yellow,congruent,y,Yellow,y,1,0.6101158
P09,20,Female,Unsure,Motivated,95,77.7,Timer,20,yellow,incongruent,y,Green,y,1,0.6369071
P10,20,Female,Unsure,Avoidant,86.6,80,NoTimer,1,green,incongruent,g,Blue,g,1,0.8489533
P10,20,Female,Unsure,Avoidant,86.6,80,NoTimer,2,red,congruent,r,Red,r,1,0.7816597
P10,20,Female,Unsure,Avoidant,86.6,80,NoTimer,3,blue,incongruent,b,Red,b,1,0.8063367
P10,20,Female,Unsure,Avoidant,86.6,80,NoTimer,4,red,incongruent,r,Yellow,y,0,1.7029137
P10,20,Female,Unsure,Avoidant,86.6,80,NoTimer,5,green,congruent,g,Green,g,1,1.9084525
P10,20,Female,Unsure,Avoidant,86.6,80,NoTimer,6,blue,congruent,b,Blue,b,1,0.7631034
P10,20,Female,Unsure,Avoidant,86.6,80,NoTimer,7,green,congruent,g,Green,g,1,0.8938211
P10,20,Female,Unsure,Avoidant,86.6,80,NoTimer,8,red,incongruent,r,Green,r,1,0.7290841
P10,20,Female,Unsure,Avoidant,86.6,80,NoTimer,9,yellow,incongruent,y,Red,y,1,0.6697925
P10,20,Female,Unsure,Avoidant,86.6,80,NoTimer,10,yellow,congruent,y,Yellow,y,1,0.4754657
P10,20,Female,Unsure,Avoidant,86.6,80,NoTimer,11,red,incongruent,r,Blue,r,1,1.6675047
P10,20,Female,Unsure,Avoidant,86.6,80,NoTimer,12,yellow,congruent,y,Yellow,y,1,0.5863801
P10,20,Female,Unsure,Avoidant,86.6,80,NoTimer,13,yellow,incongruent,y,Green,y,1,0.5851457
P10,20,Female,Unsure,Avoidant,86.6,80,NoTimer,14,blue,incongruent,b,Green,b,1,1.4170728
P10,20,Female,Unsure,Avoidant,86.6,80,NoTimer,15,green,incongruent,g,Yellow,g,1,1.0264524
P10,20,Female,Unsure,Avoidant,86.6,80,NoTimer,16,blue,congruent,b,Blue,b,1,0.6054783
P10,20,Female,Unsure,Avoidant,86.6,80,NoTimer,17,yellow,incongruent,y,Blue,y,1,0.7611307
P10,20,Female,Unsure,Avoidant,86.6,80,NoTimer,18,red,congruent,r,Red,r,1,0.8935913
P10,20,Female,Unsure,Avoidant,86.6,80,NoTimer,19,green,incongruent,g,Red,g,1,0.7996145
P10,20,Female,Unsure,Avoidant,86.6,80,NoTimer,20,blue,incongruent,b,Yellow,b,1,0.8952317
P10,20,Female,Unsure,Avoidant,86.6,80,Timer,1,green,incongruent,g,Red,g,1,1.3753725
P10,20,Female,Unsure,Avoidant,86.6,80,Timer,2,green,incongruent,g,Yellow,y,0,1.4128728
P10,20,Female,Unsure,Avoidant,86.6,80,Timer,3,yellow,incongruent,y,Blue,b,0,2.7139004
P10,20,Female,Unsure,Avoidant,86.6,80,Timer,4,red,incongruent,r,Blue,r,1,0.7619922
P10,20,Female,Unsure,Avoidant,86.6,80,Timer,5,green,congruent,g,Green,g,1,1.0725239
P10,20,Female,Unsure,Avoidant,86.6,80,Timer,6,blue,incongruent,b,Yellow,b,1,0.8709758
P10,20,Female,Unsure,Avoidant,86.6,80,Timer,7,yellow,incongruent,y,Red,r,0,1.3929851
P10,20,Female,Unsure,Avoidant,86.6,80,Timer,8,blue,incongruent,b,Red,b,1,1.0776326
P10,20,Female,Unsure,Avoidant,86.6,80,Timer,9,blue,incongruent,b,Green,b,1,0.8830414
P10,20,Female,Unsure,Avoidant,86.6,80,Timer,10,red,incongruent,r,Green,r,1,0.8527436
P10,20,Female,Unsure,Avoidant,86.6,80,Timer,11,blue,congruent,b,Blue,b,1,0.7153979
P10,20,Female,Unsure,Avoidant,86.6,80,Timer,12,blue,congruent,b,Blue,b,1,0.5790957
P10,20,Female,Unsure,Avoidant,86.6,80,Timer,13,red,congruent,r,Red,r,1,0.7644094
P10,20,Female,Unsure,Avoidant,86.6,80,Timer,14,green,incongruent,g,Blue,g,1,0.7677656
P10,20,Female,Unsure,Avoidant,86.6,80,Timer,15,yellow,congruent,y,Yellow,y,1,0.6208535
P10,20,Female,Unsure,Avoidant,86.6,80,Timer,16,yellow,incongruent,y,Green,y,1,0.459206
P10,20,Female,Unsure,Avoidant,86.6,80,Timer,17,red,incongruent,r,Yellow,r,1,0.7445506
P10,20,Female,Unsure,Avoidant,86.6,80,Timer,18,green,congruent,g,Green,g,1,0.7672024
P10,20,Female,Unsure,Avoidant,86.6,80,Timer,19,red,congruent,r,Red,r,1,0.8293453
P10,20,Female,Unsure,Avoidant,86.6,80,Timer,20,yellow,congruent,y,Yellow,y,1,0.8158137
P11,20,Female,NoTimer,Avoidant,56,50,NoTimer,1,green,incongruent,g,Blue,g,1,0.758632
P11,20,Female,NoTimer,Avoidant,56,50,NoTimer,2,blue,incongruent,b,Green,b,1,0.707549
P11,20,Female,NoTimer,Avoidant,56,50,NoTimer,3,green,incongruent,g,Red,g,1,0.7516356
P11,20,Female,NoTimer,Avoidant,56,50,NoTimer,4,green,congruent,g,Green,g,1,0.4488035
P11,20,Female,NoTimer,Avoidant,56,50,NoTimer,5,blue,congruent,b,Blue,b,1,0.6238772
P11,20,Female,NoTimer,Avoidant,56,50,NoTimer,6,blue,incongruent,b,Yellow,b,1,0.4553583
P11,20,Female,NoTimer,Avoidant,56,50,NoTimer,7,blue,incongruent,b,Red,b,1,0.4718874
P11,20,Female,NoTimer,Avoidant,56,50,NoTimer,8,red,incongruent,r,Yellow,r,1,0.6684187
P11,20,Female,NoTimer,Avoidant,56,50,NoTimer,9,yellow,incongruent,y,Red,y,1,0.6526288
P11,20,Female,NoTimer,Avoidant,56,50,NoTimer,10,yellow,incongruent,y,Blue,y,1,0.4967083
P11,20,Female,NoTimer,Avoidant,56,50,NoTimer,11,yellow,incongruent,y,Green,y,1,0.4582495
P11,20,Female,NoTimer,Avoidant,56,50,NoTimer,12,yellow,congruent,y,Yellow,y,1,0.4484976
P11,20,Female,NoTimer,Avoidant,56,50,NoTimer,13,red,incongruent,r,Green,r,1,0.8723907
P11,20,Female,NoTimer,Avoidant,56,50,NoTimer,14,red,congruent,r,Red,r,1,0.4543447
P11,20,Female,NoTimer,Avoidant,56,50,NoTimer,15,red,incongruent,r,Blue,r,1,0.4127661
P11,20,Female,NoTimer,Avoidant,56,50,NoTimer,16,blue,congruent,b,Blue,b,1,0.7259851
P11,20,Female,NoTimer,Avoidant,56,50,NoTimer,17,green,congruent,g,Green,g,1,0.6625883
P11,20,Female,NoTimer,Avoidant,56,50,NoTimer,18,red,congruent,r,Red,r,1,0.6440724
P11,20,Female,NoTimer,Avoidant,56,50,NoTimer,19,green,incongruent,g,Yellow,g,1,0.7863453
P11,20,Female,NoTimer,Avoidant,56,50,NoTimer,20,yellow,congruent,y,Yellow,y,1,0.6818064
P11,20,Female,NoTimer,Avoidant,56,50,Timer,1,green,incongruent,g,Red,g,1,0.9535121
P11,20,Female,NoTimer,Avoidant,56,50,Timer,2,blue,incongruent,b,Red,b,1,0.6084329
P11,20,Female,NoTimer,Avoidant,56,50,Timer,3,green,incongruent,g,Yellow,g,1,0.6279501
P11,20,Female,NoTimer,Avoidant,56,50,Timer,4,yellow,incongruent,y,Red,y,1,1.1122786
P11,20,Female,NoTimer,Avoidant,56,50,Timer,5,green,congruent,g,Green,g,1,0.5809079
P11,20,Female,NoTimer,Avoidant,56,50,Timer,6,red,incongruent,r,Green,r,1,0.4996711
P11,20,Female,NoTimer,Avoidant,56,50,Timer,7,blue,incongruent,b,Green,b,1,0.6857701
P11,20,Female,NoTimer,Avoidant,56,50,Timer,8,red,congruent,r,Red,r,1,0.5608266
P11,20,Female,NoTimer,Avoidant,56,50,Timer,9,blue,congruent,b,Blue,b,1,0.7166991
P11,20,Female,NoTimer,Avoidant,56,50,Timer,10,yellow,congruent,y,Yellow,y,1,0.6340019
P11,20,Female,NoTimer,Avoidant,56,50,Timer,11,red,incongruent,r,Blue,r,1,0.8085311
P11,20,Female,NoTimer,Avoidant,56,50,Timer,12,blue,congruent,b,Blue,b,1,0.6257624
P11,20,Female,NoTimer,Avoidant,56,50,Timer,13,red,congruent,r,Red,r,1,0.7059698
P11,20,Female,NoTimer,Avoidant,56,50,Timer,14,yellow,congruent,y,Yellow,y,1,0.6898022
P11,20,Female,NoTimer,Avoidant,56,50,Timer,15,yellow,incongruent,y,Blue,y,1,0.4633874
P11,20,Female,NoTimer,Avoidant,56,50,Timer,16,green,incongruent,g,Blue,g,1,0.6428401
P11,20,Female,NoTimer,Avoidant,56,50,Timer,17,green,congruent,g,Green,g,1,0.4355366
P11,20,Female,NoTimer,Avoidant,56,50,Timer,18,blue,incongruent,b,Yellow,b,1,0.630211
P11,20,Female,NoTimer,Avoidant,56,50,Timer,19,yellow,incongruent,y,Green,y,1,0.6841724
P11,20,Female,NoTimer,Avoidant,56,50,Timer,20,red,incongruent,r,Yellow,r,1,0.5448554
P12,19,Female,Timer,Stressed,95,92,NoTimer,1,red,incongruent,r,Green,r,1,1.1742165
P12,19,Female,Timer,Stressed,95,92,NoTimer,2,red,congruent,r,Red,r,1,0.6431829
P12,19,Female,Timer,Stressed,95,92,NoTimer,3,yellow,incongruent,y,Red,y,1,0.7729831
P12,19,Female,Timer,Stressed,95,92,NoTimer,4,yellow,incongruent,y,Green,y,1,1.2350294
P12,19,Female,Timer,Stressed,95,92,NoTimer,5,green,incongruent,g,Yellow,g,1,1.0530197
P12,19,Female,Timer,Stressed,95,92,NoTimer,6,red,incongruent,r,Yellow,r,1,0.8209556
P12,19,Female,Timer,Stressed,95,92,NoTimer,7,green,incongruent,g,Blue,g,1,1.1041867
P12,19,Female,Timer,Stressed,95,92,NoTimer,8,green,congruent,g,Green,g,1,0.8279353
P12,19,Female,Timer,Stressed,95,92,NoTimer,9,red,incongruent,r,Blue,r,1,1.0823871
P12,19,Female,Timer,Stressed,95,92,NoTimer,10,green,congruent,g,Green,g,1,0.9898092
P12,19,Female,Timer,Stressed,95,92,NoTimer,11,blue,incongruent,b,Red,b,1,1.3246437
P12,19,Female,Timer,Stressed,95,92,NoTimer,12,blue,incongruent,b,Yellow,b,1,1.2407661
P12,19,Female,Timer,Stressed,95,92,NoTimer,13,blue,congruent,b,Blue,b,1,0.6508184
P12,19,Female,Timer,Stressed,95,92,NoTimer,14,yellow,incongruent,y,Blue,y,1,0.7793864
P12,19,Female,Timer,Stressed,95,92,NoTimer,15,blue,congruent,b,Blue,b,1,0.9344485
P12,19,Female,Timer,Stressed,95,92,NoTimer,16,yellow,congruent,y,Yellow,y,1,0.5735859
P12,19,Female,Timer,Stressed,95,92,NoTimer,17,yellow,congruent,y,Yellow,y,1,2.8136245
P12,19,Female,Timer,Stressed,95,92,NoTimer,18,red,congruent,r,Red,r,1,1.4564312
P12,19,Female,Timer,Stressed,95,92,NoTimer,19,blue,incongruent,b,Green,b,1,1.1273622
P12,19,Female,Timer,Stressed,95,92,NoTimer,20,green,incongruent,g,Red,r,0,0.8857318
P12,19,Female,Timer,Stressed,95,92,Timer,1,green,congruent,g,Green,g,1,1.2604117
P12,19,Female,Timer,Stressed,95,92,Timer,2,green,incongruent,g,Yellow,g,1,0.8069264
P12,19,Female,Timer,Stressed,95,92,Timer,3,red,congruent,r,Red,r,1,0.669219
P12,19,Female,Timer,Stressed,95,92,Timer,4,yellow,incongruent,y,Red,b,0,0.7465641
P12,19,Female,Timer,Stressed,95,92,Timer,5,blue,incongruent,b,Yellow,y,0,0.3052154
P12,19,Female,Timer,Stressed,95,92,Timer,6,blue,congruent,b,Blue,b,1,0.9413787
P12,19,Female,Timer,Stressed,95,92,Timer,7,blue,incongruent,b,Red,r,0,1.2838147
P12,19,Female,Timer,Stressed,95,92,Timer,8,yellow,congruent,y,Yellow,y,1,1.6753302
P12,19,Female,Timer,Stressed,95,92,Timer,9,red,incongruent,r,Blue,b,0,0.9135325
P12,19,Female,Timer,Stressed,95,92,Timer,10,red,incongruent,r,Yellow,r,1,2.0099672
P12,19,Female,Timer,Stressed,95,92,Timer,11,yellow,incongruent,y,Green,r,0,0.215171
P12,19,Female,Timer,Stressed,95,92,Timer,12,green,incongruent,g,Red,g,1,1.5863863
P12,19,Female,Timer,Stressed,95,92,Timer,13,blue,incongruent,b,Green,b,1,2.4071987
P12,19,Female,Timer,Stressed,95,92,Timer,14,blue,congruent,b,Blue,b,1,0.6624882
P12,19,Female,Timer,Stressed,95,92,Timer,15,red,congruent,r,Red,r,1,0.9940059
P12,19,Female,Timer,Stressed,95,92,Timer,16,yellow,congruent,y,Yellow,y,1,0.6454812
P12,19,Female,Timer,Stressed,95,92,Timer,17,red,incongruent,r,Green,r,1,1.3129381
P12,19,Female,Timer,Stressed,95,92,Timer,18,green,congruent,g,Green,g,1,0.6981807
P12,19,Female,Timer,Stressed,95,92,Timer,19,yellow,incongruent,y,Blue,y,1,0.749597
P12,19,Female,Timer,Stressed,95,92,Timer,20,green,incongruent,g,Blue,g,1,1.907386
P13,20,Female,Timer,Motivated,91.6,96.8,NoTimer,1,red,incongruent,r,Yellow,r,1,1.0279979
P13,20,Female,Timer,Motivated,91.6,96.8,NoTimer,2,red,incongruent,r,Green,r,1,0.8592049
P13,20,Female,Timer,Motivated,91.6,96.8,NoTimer,3,green,incongruent,g,Red,g,1,0.8504656
P13,20,Female,Timer,Motivated,91.6,96.8,NoTimer,4,yellow,congruent,y,Yellow,y,1,0.8688523
P13,20,Female,Timer,Motivated,91.6,96.8,NoTimer,5,blue,incongruent,b,Yellow,b,1,1.293288
P13,20,Female,Timer,Motivated,91.6,96.8,NoTimer,6,green,congruent,g,Green,g,1,0.8445806
P13,20,Female,Timer,Motivated,91.6,96.8,NoTimer,7,yellow,incongruent,y,Blue,y,1,1.3480598
P13,20,Female,Timer,Motivated,91.6,96.8,NoTimer,8,green,incongruent,g,Yellow,y,0,1.0835045
P13,20,Female,Timer,Motivated,91.6,96.8,NoTimer,9,yellow,incongruent,y,Red,y,1,2.3683593
P13,20,Female,Timer,Motivated,91.6,96.8,NoTimer,10,yellow,congruent,y,Yellow,y,1,0.6059717
P13,20,Female,Timer,Motivated,91.6,96.8,NoTimer,11,yellow,incongruent,y,Green,y,1,0.7770442
P13,20,Female,Timer,Motivated,91.6,96.8,NoTimer,12,blue,congruent,b,Blue,b,1,0.8850565
P13,20,Female,Timer,Motivated,91.6,96.8,NoTimer,13,blue,incongruent,b,Red,b,1,0.6855052
P13,20,Female,Timer,Motivated,91.6,96.8,NoTimer,14,blue,incongruent,b,Green,b,1,0.6577269
P13,20,Female,Timer,Motivated,91.6,96.8,NoTimer,15,blue,congruent,b,Blue,b,1,0.628819
P13,20,Female,Timer,Motivated,91.6,96.8,NoTimer,16,red,congruent,r,Red,r,1,0.9350484
P13,20,Female,Timer,Motivated,91.6,96.8,NoTimer,17,green,congruent,g,Green,g,1,1.1018448
P13,20,Female,Timer,Motivated,91.6,96.8,NoTimer,18,red,incongruent,r,Blue,r,1,1.4776681
P13,20,Female,Timer,Motivated,91.6,96.8,NoTimer,19,green,incongruent,g,Blue,g,1,0.8769819
P13,20,Female,Timer,Motivated,91.6,96.8,NoTimer,20,red,congruent,r,Red,r,1,1.1766243
P13,20,Female,Timer,Motivated,91.6,96.8,Timer,1,green,incongruent,g,Red,g,1,1.3771928
P13,20,Female,Timer,Motivated,91.6,96.8,Timer,2,red,incongruent,r,Blue,r,1,0.9220523
P13,20,Female,Timer,Motivated,91.6,96.8,Timer,3,blue,congruent,b,Blue,r,0,0.0944034
P13,20,Female,Timer,Motivated,91.6,96.8,Timer,4,green,incongruent,g,Yellow,g,1,1.8348361
P13,20,Female,Timer,Motivated,91.6,96.8,Timer,5,yellow,incongruent,y,Red,y,1,0.7673376
P13,20,Female,Timer,Motivated,91.6,96.8,Timer,6,blue,congruent,b,Blue,b,1,0.8401797
P13,20,Female,Timer,Motivated,91.6,96.8,Timer,7,red,incongruent,r,Green,r,1,0.8261509
P13,20,Female,Timer,Motivated,91.6,96.8,Timer,8,blue,incongruent,b,Green,b,1,1.6145605
P13,20,Female,Timer,Motivated,91.6,96.8,Timer,9,yellow,incongruent,y,Blue,y,1,0.9559432
P13,20,Female,Timer,Motivated,91.6,96.8,Timer,10,green,incongruent,g,Blue,g,1,0.7669631
P13,20,Female,Timer,Motivated,91.6,96.8,Timer,11,red,incongruent,r,Yellow,r,1,0.9340895
P13,20,Female,Timer,Motivated,91.6,96.8,Timer,12,green,congruent,g,Green,g,1,0.8344533
P13,20,Female,Timer,Motivated,91.6,96.8,Timer,13,yellow,congruent,y,Yellow,y,1,0.6863023
P13,20,Female,Timer,Motivated,91.6,96.8,Timer,14,green,congruent,g,Green,g,1,0.7164106
P13,20,Female,Timer,Motivated,91.6,96.8,Timer,15,red,congruent,r,Red,r,1,0.672907
P13,20,Female,Timer,Motivated,91.6,96.8,Timer,16,blue,incongruent,b,Red,b,1,0.82159
P13,20,Female,Timer,Motivated,91.6,96.8,Timer,17,blue,incongruent,b,Yellow,b,1,1.2867786
P13,20,Female,Timer,Motivated,91.6,96.8,Timer,18,yellow,congruent,y,Yellow,y,1,0.7699562
P13,20,Female,Timer,Motivated,91.6,96.8,Timer,19,yellow,incongruent,y,Green,y,1,0.5980284
P13,20,Female,Timer,Motivated,91.6,96.8,Timer,20,red,congruent,r,Red,r,1,0.816687
P14,19,Female,Unsure,Stressed,62,73.3,NoTimer,1,red,congruent,r,Red,r,1,1.3203491
P14,19,Female,Unsure,Stressed,62,73.3,NoTimer,2,red,incongruent,r,Green,r,1,1.5386926
P14,19,Female,Unsure,Stressed,62,73.3,NoTimer,3,yellow,incongruent,y,Green,y,1,0.9985381
P14,19,Female,Unsure,Stressed,62,73.3,NoTimer,4,red,incongruent,r,Yellow,r,1,1.0187931
P14,19,Female,Unsure,Stressed,62,73.3,NoTimer,5,green,incongruent,g,Blue,g,1,1.8448227
P14,19,Female,Unsure,Stressed,62,73.3,NoTimer,6,yellow,congruent,y,Yellow,y,1,1.1388528
P14,19,Female,Unsure,Stressed,62,73.3,NoTimer,7,green,congruent,g,Green,g,1,1.3215148
P14,19,Female,Unsure,Stressed,62,73.3,NoTimer,8,blue,incongruent,b,Green,b,1,1.0505517
P14,19,Female,Unsure,Stressed,62,73.3,NoTimer,9,yellow,incongruent,y,Blue,y,1,1.1194048
P14,19,Female,Unsure,Stressed,62,73.3,NoTimer,10,red,incongruent,r,Blue,r,1,0.9995568
P14,19,Female,Unsure,Stressed,62,73.3,NoTimer,11,blue,incongruent,b,Red,b,1,2.1459683
P14,19,Female,Unsure,Stressed,62,73.3,NoTimer,12,blue,congruent,b,Blue,b,1,1.0345627
P14,19,Female,Unsure,Stressed,62,73.3,NoTimer,13,blue,incongruent,b,Yellow,b,1,0.8608543
P14,19,Female,Unsure,Stressed,62,73.3,NoTimer,14,blue,congruent,b,Blue,b,1,0.9079011
P14,19,Female,Unsure,Stressed,62,73.3,NoTimer,15,green,congruent,g,Green,g,1,1.0794967
P14,19,Female,Unsure,Stressed,62,73.3,NoTimer,16,red,congruent,r,Red,r,1,1.410161
P14,19,Female,Unsure,Stressed,62,73.3,NoTimer,17,green,incongruent,g,Red,g,1,1.1696183
P14,19,Female,Unsure,Stressed,62,73.3,NoTimer,18,green,incongruent,g,Yellow,g,1,0.9032394
P14,19,Female,Unsure,Stressed,62,73.3,NoTimer,19,yellow,congruent,y,Yellow,y,1,0.9728074
P14,19,Female,Unsure,Stressed,62,73.3,NoTimer,20,yellow,incongruent,y,Red,y,1,0.8348287
P14,19,Female,Unsure,Stressed,62,73.3,Timer,1,green,incongruent,g,Red,g,1,3.292596
P14,19,Female,Unsure,Stressed,62,73.3,Timer,2,yellow,incongruent,y,Blue,y,1,2.0404568
P14,19,Female,Unsure,Stressed,62,73.3,Timer,3,red,congruent,r,Red,r,1,0.7781561
P14,19,Female,Unsure,Stressed,62,73.3,Timer,4,green,congruent,g,Green,g,1,1.8283252
P14,19,Female,Unsure,Stressed,62,73.3,Timer,5,blue,incongruent,b,Yellow,b,1,1.9152415
P14,19,Female,Unsure,Stressed,62,73.3,Timer,6,yellow,congruent,y,Yellow,y,1,0.8094934
P14,19,Female,Unsure,Stressed,62,73.3,Timer,7,blue,congruent,b,Blue,b,1,0.7485422
P14,19,Female,Unsure,Stressed,62,73.3,Timer,8,yellow,incongruent,y,Green,g,0,0.8412074
P14,19,Female,Unsure,Stressed,62,73.3,Timer,9,red,congruent,r,Red,r,1,1.9202778
P14,19,Female,Unsure,Stressed,62,73.3,Timer,10,red,incongruent,r,Blue,r,1,0.9582439
P14,19,Female,Unsure,Stressed,62,73.3,Timer,11,red,incongruent,r,Green,r,1,1.1545094
P14,19,Female,Unsure,Stressed,62,73.3,Timer,12,green,congruent,g,Green,g,1,0.7812765
P14,19,Female,Unsure,Stressed,62,73.3,Timer,13,red,incongruent,r,Yellow,r,1,0.8927185
P14,19,Female,Unsure,Stressed,62,73.3,Timer,14,blue,congruent,b,Blue,b,1,0.8391019
P14,19,Female,Unsure,Stressed,62,73.3,Timer,15,blue,incongruent,b,Green,b,1,1.035788
P14,19,Female,Unsure,Stressed,62,73.3,Timer,16,blue,incongruent,b,Red,b,1,0.7825034
P14,19,Female,Unsure,Stressed,62,73.3,Timer,17,yellow,incongruent,y,Red,y,1,1.1370638
P14,19,Female,Unsure,Stressed,62,73.3,Timer,18,yellow,congruent,y,Yellow,y,1,0.7077341
P14,19,Female,Unsure,Stressed,62,73.3,Timer,19,green,incongruent,g,Yellow,g,1,0.7694573
P14,19,Female,Unsure,Stressed,62,73.3,Timer,20,green,incongruent,g,Blue,b,0,0.7370048
P15,20,Male,NoTimer,Neutral,50,66.6,NoTimer,1,yellow,incongruent,y,Blue,y,1,1.1584835
P15,20,Male,NoTimer,Neutral,50,66.6,NoTimer,2,yellow,incongruent,y,Green,y,1,1.0293509
P15,20,Male,NoTimer,Neutral,50,66.6,NoTimer,3,blue,incongruent,b,Red,b,1,1.2943728
P15,20,Male,NoTimer,Neutral,50,66.6,NoTimer,4,green,incongruent,g,Yellow,g,1,1.0947811
P15,20,Male,NoTimer,Neutral,50,66.6,NoTimer,5,green,incongruent,g,Blue,g,1,1.1889809
P15,20,Male,NoTimer,Neutral,50,66.6,NoTimer,6,red,congruent,r,Red,r,1,0.9910021
P15,20,Male,NoTimer,Neutral,50,66.6,NoTimer,7,blue,congruent,b,Blue,b,1,1.4756132
P15,20,Male,NoTimer,Neutral,50,66.6,NoTimer,8,red,congruent,r,Red,r,1,0.8431164
P15,20,Male,NoTimer,Neutral,50,66.6,NoTimer,9,yellow,congruent,y,Yellow,y,1,0.8570168
P15,20,Male,NoTimer,Neutral,50,66.6,NoTimer,10,blue,incongruent,b,Yellow,b,1,1.2210248
P15,20,Male,NoTimer,Neutral,50,66.6,NoTimer,11,red,incongruent,r,Blue,r,1,1.2796217
P15,20,Male,NoTimer,Neutral,50,66.6,NoTimer,12,blue,incongruent,b,Green,b,1,1.8139815
P15,20,Male,NoTimer,Neutral,50,66.6,NoTimer,13,green,congruent,g,Green,g,1,1.6229006
P15,20,Male,NoTimer,Neutral,50,66.6,NoTimer,14,red,incongruent,r,Yellow,y,0,0.7868251
P15,20,Male,NoTimer,Neutral,50,66.6,NoTimer,15,yellow,incongruent,y,Red,y,1,2.3474344
P15,20,Male,NoTimer,Neutral,50,66.6,NoTimer,16,yellow,congruent,y,Yellow,y,1,0.7104749
P15,20,Male,NoTimer,Neutral,50,66.6,NoTimer,17,blue,congruent,b,Blue,b,1,0.8260039
P15,20,Male,NoTimer,Neutral,50,66.6,NoTimer,18,green,incongruent,g,Red,g,1,1.0322174
P15,20,Male,NoTimer,Neutral,50,66.6,NoTimer,19,green,congruent,g,Green,g,1,0.6983688
P15,20,Male,NoTimer,Neutral,50,66.6,NoTimer,20,red,incongruent,r,Green,r,1,0.9021954
P15,20,Male,NoTimer,Neutral,50,66.6,Timer,1,blue,incongruent,b,Red,b,1,1.5849178
P15,20,Male,NoTimer,Neutral,50,66.6,Timer,2,red,congruent,r,Red,r,1,1.0582136
P15,20,Male,NoTimer,Neutral,50,66.6,Timer,3,red,incongruent,r,Green,r,1,0.782548
P15,20,Male,NoTimer,Neutral,50,66.6,Timer,4,blue,congruent,b,Blue,b,1,0.6666643
P15,20,Male,NoTimer,Neutral,50,66.6,Timer,5,red,congruent,r,Red,r,1,0.7031799
P15,20,Male,NoTimer,Neutral,50,66.6,Timer,6,blue,incongruent,b,Green,b,1,0.9467851
P15,20,Male,NoTimer,Neutral,50,66.6,Timer,7,blue,incongruent,b,Yellow,b,1,1.4177941
P15,20,Male,NoTimer,Neutral,50,66.6,Timer,8,yellow,incongruent,y,Red,y,1,0.814293
P15,20,Male,NoTimer,Neutral,50,66.6,Timer,9,red,incongruent,r,Yellow,r,1,1.1840988
P15,20,Male,NoTimer,Neutral,50,66.6,Timer,10,yellow,incongruent,y,Green,y,1,2.453475
P15,20,Male,NoTimer,Neutral,50,66.6,Timer,11,green,incongruent,g,Red,g,1,1.1268246
P15,20,Male,NoTimer,Neutral,50,66.6,Timer,12,red,incongruent,r,Blue,b,0,0.8836002
P15,20,Male,NoTimer,Neutral,50,66.6,Timer,13,green,incongruent,g,Yellow,y,0,0.9792097
P15,20,Male,NoTimer,Neutral,50,66.6,Timer,14,blue,congruent,b,Blue,b,1,0.9729605
P15,20,Male,NoTimer,Neutral,50,66.6,Timer,15,yellow,congruent,y,Yellow,y,1,0.8012354
P15,20,Male,NoTimer,Neutral,50,66.6,Timer,16,yellow,incongruent,y,Blue,y,1,0.7166669
P15,20,Male,NoTimer,Neutral,50,66.6,Timer,17,green,congruent,g,Green,g,1,0.8208076
P15,20,Male,NoTimer,Neutral,50,66.6,Timer,18,green,congruent,g,Green,g,1,1.1500315
P15,20,Male,NoTimer,Neutral,50,66.6,Timer,19,green,incongruent,g,Blue,g,1,1.2222668
P15,20,Male,NoTimer,Neutral,50,66.6,Timer,20,yellow,congruent,y,Yellow,y,1,0.6980058
P16,20,Male,NoTimer,Neutral,58,70,NoTimer,1,green,congruent,g,Green,g,1,0.9870793
P16,20,Male,NoTimer,Neutral,58,70,NoTimer,2,red,incongruent,r,Blue,r,1,1.2019547
P16,20,Male,NoTimer,Neutral,58,70,NoTimer,3,red,congruent,r,Red,r,1,1.1981523
P16,20,Male,NoTimer,Neutral,58,70,NoTimer,4,blue,congruent,b,Blue,b,1,1.1269983
P16,20,Male,NoTimer,Neutral,58,70,NoTimer,5,green,congruent,g,Green,g,1,1.1217381
P16,20,Male,NoTimer,Neutral,58,70,NoTimer,6,red,congruent,r,Red,r,1,1.1037605
P16,20,Male,NoTimer,Neutral,58,70,NoTimer,7,yellow,congruent,y,Yellow,y,1,0.9142566
P16,20,Male,NoTimer,Neutral,58,70,NoTimer,8,blue,incongruent,b,Green,b,1,1.7208947
P16,20,Male,NoTimer,Neutral,58,70,NoTimer,9,yellow,incongruent,y,Blue,y,1,1.2833754
P16,20,Male,NoTimer,Neutral,58,70,NoTimer,10,blue,incongruent,b,Red,b,1,1.519783
P16,20,Male,NoTimer,Neutral,58,70,NoTimer,11,red,incongruent,r,Green,r,1,1.1057471
P16,20,Male,NoTimer,Neutral,58,70,NoTimer,12,yellow,incongruent,y,Green,y,1,1.1210921
P16,20,Male,NoTimer,Neutral,58,70,NoTimer,13,blue,incongruent,b,Yellow,b,1,1.1884764
P16,20,Male,NoTimer,Neutral,58,70,NoTimer,14,yellow,incongruent,y,Red,y,1,1.0729591
P16,20,Male,NoTimer,Neutral,58,70,NoTimer,15,red,incongruent,r,Yellow,r,1,1.0990226
P16,20,Male,NoTimer,Neutral,58,70,NoTimer,16,green,incongruent,g,Yellow,g,1,1.1065844
P16,20,Male,NoTimer,Neutral,58,70,NoTimer,17,green,incongruent,g,Red,g,1,0.9529478
P16,20,Male,NoTimer,Neutral,58,70,NoTimer,18,green,incongruent,g,Blue,g,1,0.9828562
P16,20,Male,NoTimer,Neutral,58,70,NoTimer,19,yellow,congruent,y,Yellow,y,1,1.0713289
P16,20,Male,NoTimer,Neutral,58,70,NoTimer,20,blue,congruent,b,Blue,b,1,1.0534085
P16,20,Male,NoTimer,Neutral,58,70,Timer,1,green,incongruent,g,Blue,g,1,1.8125891
P16,20,Male,NoTimer,Neutral,58,70,Timer,2,yellow,incongruent,y,Blue,y,1,0.8978682
P16,20,Male,NoTimer,Neutral,58,70,Timer,3,yellow,incongruent,y,Green,y,1,0.820525
P16,20,Male,NoTimer,Neutral,58,70,Timer,4,blue,congruent,b,Blue,b,1,0.8530121
P16,20,Male,NoTimer,Neutral,58,70,Timer,5,red,congruent,r,Red,r,1,0.9807567
P16,20,Male,NoTimer,Neutral,58,70,Timer,6,blue,incongruent,b,Red,b,1,1.2177217
P16,20,Male,NoTimer,Neutral,58,70,Timer,7,yellow,incongruent,y,Red,y,1,0.7828932
P16,20,Male,NoTimer,Neutral,58,70,Timer,8,green,incongruent,g,Red,g,1,0.8264576
P16,20,Male,NoTimer,Neutral,58,70,Timer,9,green,congruent,g,Green,g,1,0.6513787
P16,20,Male,NoTimer,Neutral,58,70,Timer,10,yellow,congruent,y,Yellow,y,1,0.7293114
P16,20,Male,NoTimer,Neutral,58,70,Timer,11,red,congruent,r,Red,r,1,0.8494576
P16,20,Male,NoTimer,Neutral,58,70,Timer,12,blue,incongruent,b,Yellow,b,1,2.2456827
P16,20,Male,NoTimer,Neutral,58,70,Timer,13,red,incongruent,r,Blue,r,1,1.0377845
P16,20,Male,NoTimer,Neutral,58,70,Timer,14,yellow,congruent,y,Yellow,y,1,0.7611184
P16,20,Male,NoTimer,Neutral,58,70,Timer,15,blue,incongruent,b,Green,r,0,0.7982014
P16,20,Male,NoTimer,Neutral,58,70,Timer,16,green,incongruent,g,Yellow,b,0,0.6533455
P16,20,Male,NoTimer,Neutral,58,70,Timer,17,red,incongruent,r,Yellow,r,1,1.6962925
P16,20,Male,NoTimer,Neutral,58,70,Timer,18,green,congruent,g,Green,g,1,1.3633595
P16,20,Male,NoTimer,Neutral,58,70,Timer,19,red,incongruent,r,Green,r,1,1.335723
P16,20,Male,NoTimer,Neutral,58,70,Timer,20,blue,congruent,b,Blue,b,1,0.9545498
P17,21,Male,Unsure,Stressed,50,90,NoTimer,1,green,incongruent,g,Blue,b,0,1.3189586
P17,21,Male,Unsure,Stressed,50,90,NoTimer,2,red,congruent,r,Red,r,1,1.6373523
P17,21,Male,Unsure,Stressed,50,90,NoTimer,3,green,incongruent,g,Red,g,1,3.260741
P17,21,Male,Unsure,Stressed,50,90,NoTimer,4,blue,congruent,b,Blue,b,1,1.2588116
P17,21,Male,Unsure,Stressed,50,90,NoTimer,5,red,congruent,r,Red,r,1,1.3626687
P17,21,Male,Unsure,Stressed,50,90,NoTimer,6,yellow,congruent,y,Yellow,y,1,1.686436
P17,21,Male,Unsure,Stressed,50,90,NoTimer,7,yellow,congruent,y,Yellow,y,1,1.3387701
P17,21,Male,Unsure,Stressed,50,90,NoTimer,8,blue,incongruent,b,Yellow,b,1,1.4054664
P17,21,Male,Unsure,Stressed,50,90,NoTimer,9,red,incongruent,r,Blue,r,1,2.4043111
P17,21,Male,Unsure,Stressed,50,90,NoTimer,10,red,incongruent,r,Green,r,1,2.4173275
P17,21,Male,Unsure,Stressed,50,90,NoTimer,11,blue,congruent,b,Blue,b,1,1.1874973
P17,21,Male,Unsure,Stressed,50,90,NoTimer,12,green,congruent,g,Green,g,1,3.2021724
P17,21,Male,Unsure,Stressed,50,90,NoTimer,13,green,congruent,g,Green,g,1,1.5138824
P17,21,Male,Unsure,Stressed,50,90,NoTimer,14,blue,incongruent,b,Green,b,1,1.3970287
P17,21,Male,Unsure,Stressed,50,90,NoTimer,15,green,incongruent,g,Yellow,g,1,2.729059
P17,21,Male,Unsure,Stressed,50,90,NoTimer,16,yellow,incongruent,y,Red,y,1,1.3432199
P17,21,Male,Unsure,Stressed,50,90,NoTimer,17,red,incongruent,r,Yellow,r,1,1.5949549
P17,21,Male,Unsure,Stressed,50,90,NoTimer,18,blue,incongruent,b,Red,b,1,3.0618637
P17,21,Male,Unsure,Stressed,50,90,NoTimer,19,yellow,incongruent,y,Green,y,1,1.1817542
P17,21,Male,Unsure,Stressed,50,90,NoTimer,20,yellow,incongruent,y,Blue,y,1,2.2418841
P17,21,Male,Unsure,Stressed,50,90,Timer,1,yellow,congruent,y,Yellow,y,1,1.7400394
P17,21,Male,Unsure,Stressed,50,90,Timer,2,yellow,congruent,y,Yellow,y,1,2.0609944
P17,21,Male,Unsure,Stressed,50,90,Timer,3,yellow,incongruent,y,Green,y,1,2.0319451
P17,21,Male,Unsure,Stressed,50,90,Timer,4,yellow,incongruent,y,Red,y,1,0.8659537
P17,21,Male,Unsure,Stressed,50,90,Timer,5,green,incongruent,g,Yellow,r,0,2.0322211
P17,21,Male,Unsure,Stressed,50,90,Timer,6,blue,congruent,b,Blue,b,1,3.0568261
P17,21,Male,Unsure,Stressed,50,90,Timer,7,red,incongruent,r,Green,r,1,1.4573709
P17,21,Male,Unsure,Stressed,50,90,Timer,8,blue,incongruent,b,Red,b,1,1.4702965
P17,21,Male,Unsure,Stressed,50,90,Timer,9,blue,incongruent,b,Green,b,1,1.7157671
P17,21,Male,Unsure,Stressed,50,90,Timer,10,green,incongruent,g,Blue,r,0,1.3391938
P17,21,Male,Unsure,Stressed,50,90,Timer,11,green,incongruent,g,Red,g,1,3.0302184
P17,21,Male,Unsure,Stressed,50,90,Timer,12,green,congruent,g,Green,g,1,1.0187147
P17,21,Male,Unsure,Stressed,50,90,Timer,13,red,congruent,r,Red,r,1,0.9934745
P17,21,Male,Unsure,Stressed,50,90,Timer,14,blue,congruent,b,Blue,b,1,1.2314945
P17,21,Male,Unsure,Stressed,50,90,Timer,15,blue,incongruent,b,Yellow,b,1,1.9785684
P17,21,Male,Unsure,Stressed,50,90,Timer,16,red,incongruent,r,Blue,r,1,1.0670535
P17,21,Male,Unsure,Stressed,50,90,Timer,17,red,congruent,r,Red,r,1,0.8169411
P17,21,Male,Unsure,Stressed,50,90,Timer,18,red,incongruent,r,Yellow,r,1,1.8808244
P17,21,Male,Unsure,Stressed,50,90,Timer,19,green,congruent,g,Green,g,1,1.2139811
P17,21,Male,Unsure,Stressed,50,90,Timer,20,yellow,incongruent,y,Blue,b,0,1.6233461
P18,25,Male,NoTimer,Stressed,75,92,NoTimer,1,blue,incongruent,b,Yellow,b,1,1.4141824
P18,25,Male,NoTimer,Stressed,75,92,NoTimer,2,yellow,congruent,y,Yellow,y,1,2.1437993
P18,25,Male,NoTimer,Stressed,75,92,NoTimer,3,red,congruent,r,Red,r,1,1.099202
P18,25,Male,NoTimer,Stressed,75,92,NoTimer,4,yellow,incongruent,y,Green,y,1,1.180426
P18,25,Male,NoTimer,Stressed,75,92,NoTimer,5,green,incongruent,g,Yellow,g,1,2.2363351
P18,25,Male,NoTimer,Stressed,75,92,NoTimer,6,yellow,incongruent,y,Red,y,1,1.1327805
P18,25,Male,NoTimer,Stressed,75,92,NoTimer,7,yellow,incongruent,y,Blue,y,1,1.2594968
P18,25,Male,NoTimer,Stressed,75,92,NoTimer,8,blue,incongruent,b,Red,b,1,1.2987316
P18,25,Male,NoTimer,Stressed,75,92,NoTimer,9,blue,congruent,b,Blue,b,1,1.6373806
P18,25,Male,NoTimer,Stressed,75,92,NoTimer,10,red,congruent,r,Red,r,1,1.1125404
P18,25,Male,NoTimer,Stressed,75,92,NoTimer,11,yellow,congruent,y,Yellow,y,1,1.0019272
P18,25,Male,NoTimer,Stressed,75,92,NoTimer,12,green,incongruent,g,Blue,g,1,1.4657295
P18,25,Male,NoTimer,Stressed,75,92,NoTimer,13,red,incongruent,r,Blue,r,1,1.4580255
P18,25,Male,NoTimer,Stressed,75,92,NoTimer,14,blue,congruent,b,Blue,b,1,1.0227499
P18,25,Male,NoTimer,Stressed,75,92,NoTimer,15,green,incongruent,g,Red,g,1,1.5795049
P18,25,Male,NoTimer,Stressed,75,92,NoTimer,16,green,congruent,g,Green,g,1,1.0009332
P18,25,Male,NoTimer,Stressed,75,92,NoTimer,17,red,incongruent,r,Yellow,r,1,1.4282638
P18,25,Male,NoTimer,Stressed,75,92,NoTimer,18,green,congruent,g,Green,g,1,1.1208716
P18,25,Male,NoTimer,Stressed,75,92,NoTimer,19,red,incongruent,r,Green,r,1,2.224164
P18,25,Male,NoTimer,Stressed,75,92,NoTimer,20,blue,incongruent,b,Green,b,1,1.2908032
P18,25,Male,NoTimer,Stressed,75,92,Timer,1,yellow,congruent,y,Yellow,y,1,1.8795571
P18,25,Male,NoTimer,Stressed,75,92,Timer,2,yellow,incongruent,y,Red,y,1,0.8554945
P18,25,Male,NoTimer,Stressed,75,92,Timer,3,blue,incongruent,b,Yellow,b,1,1.0237617
P18,25,Male,NoTimer,Stressed,75,92,Timer,4,green,incongruent,g,Red,g,1,1.1159563
P18,25,Male,NoTimer,Stressed,75,92,Timer,5,red,congruent,r,Red,r,1,1.1254562
P18,25,Male,NoTimer,Stressed,75,92,Timer,6,green,congruent,g,Green,g,1,0.9494533
P18,25,Male,NoTimer,Stressed,75,92,Timer,7,green,congruent,g,Green,g,1,1.226592
P18,25,Male,NoTimer,Stressed,75,92,Timer,8,green,incongruent,g,Blue,g,1,1.1055278
P18,25,Male,NoTimer,Stressed,75,92,Timer,9,yellow,congruent,y,Yellow,y,1,0.8227686
P18,25,Male,NoTimer,Stressed,75,92,Timer,10,blue,congruent,b,Blue,b,1,0.8141587
P18,25,Male,NoTimer,Stressed,75,92,Timer,11,yellow,incongruent,y,Blue,y,1,1.010822
P18,25,Male,NoTimer,Stressed,75,92,Timer,12,blue,congruent,b,Blue,b,1,1.1243213
P18,25,Male,NoTimer,Stressed,75,92,Timer,13,blue,incongruent,b,Green,b,1,1.3576669
P18,25,Male,NoTimer,Stressed,75,92,Timer,14,red,incongruent,r,Blue,r,1,3.0485089
P18,25,Male,NoTimer,Stressed,75,92,Timer,15,yellow,incongruent,y,Green,g,0,1.0287542
P18,25,Male,NoTimer,Stressed,75,92,Timer,16,red,congruent,r,Red,r,1,0.9681265
P18,25,Male,NoTimer,Stressed,75,92,Timer,17,red,incongruent,r,Yellow,r,1,1.078277
P18,25,Male,NoTimer,Stressed,75,92,Timer,18,red,incongruent,r,Green,r,1,0.832717
P18,25,Male,NoTimer,Stressed,75,92,Timer,19,blue,incongruent,b,Red,b,1,1.0170291
P18,25,Male,NoTimer,Stressed,75,92,Timer,20,green,incongruent,g,Yellow,y,0,1.2206032
P19,21,Male,Unsure,Stressed,47.5,40,NoTimer,1,green,incongruent,g,Blue,g,1,2.890867
P19,21,Male,Unsure,Stressed,47.5,40,NoTimer,2,green,congruent,g,Green,g,1,2.8097049
P19,21,Male,Unsure,Stressed,47.5,40,NoTimer,3,green,incongruent,g,Yellow,g,1,4.6555863
P19,21,Male,Unsure,Stressed,47.5,40,NoTimer,4,yellow,congruent,y,Yellow,y,1,1.8580579
P19,21,Male,Unsure,Stressed,47.5,40,NoTimer,5,blue,incongruent,b,Green,b,1,6.2427127
P19,21,Male,Unsure,Stressed,47.5,40,NoTimer,6,yellow,incongruent,y,Blue,y,1,1.9275644
P19,21,Male,Unsure,Stressed,47.5,40,NoTimer,7,yellow,congruent,y,Yellow,y,1,1.4639871
P19,21,Male,Unsure,Stressed,47.5,40,NoTimer,8,blue,congruent,b,Blue,b,1,1.4105875
P19,21,Male,Unsure,Stressed,47.5,40,NoTimer,9,blue,incongruent,b,Yellow,b,1,1.5689643
P19,21,Male,Unsure,Stressed,47.5,40,NoTimer,10,red,incongruent,r,Green,r,1,2.8712331
P19,21,Male,Unsure,Stressed,47.5,40,NoTimer,11,yellow,incongruent,y,Green,y,1,1.9838073
P19,21,Male,Unsure,Stressed,47.5,40,NoTimer,12,red,congruent,r,Red,r,1,2.5106784
P19,21,Male,Unsure,Stressed,47.5,40,NoTimer,13,green,incongruent,g,Red,g,1,1.4664295
P19,21,Male,Unsure,Stressed,47.5,40,NoTimer,14,red,congruent,r,Red,r,1,1.4738569
P19,21,Male,Unsure,Stressed,47.5,40,NoTimer,15,blue,congruent,b,Blue,b,1,1.3165016
P19,21,Male,Unsure,Stressed,47.5,40,NoTimer,16,red,incongruent,r,Yellow,r,1,2.082519
P19,21,Male,Unsure,Stressed,47.5,40,NoTimer,17,red,incongruent,r,Blue,r,1,1.9594855
P19,21,Male,Unsure,Stressed,47.5,40,NoTimer,18,yellow,incongruent,y,Red,y,1,1.6790002
P19,21,Male,Unsure,Stressed,47.5,40,NoTimer,19,green,congruent,g,Green,g,1,1.9960111
P19,21,Male,Unsure,Stressed,47.5,40,NoTimer,20,blue,incongruent,b,Red,b,1,1.7271845
P19,21,Male,Unsure,Stressed,47.5,40,Timer,1,blue,congruent,b,Blue,b,1,0.7491894
P19,21,Male,Unsure,Stressed,47.5,40,Timer,2,red,congruent,r,Red,r,1,1.0044107
P19,21,Male,Unsure,Stressed,47.5,40,Timer,3,green,congruent,g,Green,g,1,1.0837367
P19,21,Male,Unsure,Stressed,47.5,40,Timer,4,green,incongruent,g,Red,r,0,1.6591069
P19,21,Male,Unsure,Stressed,47.5,40,Timer,5,red,congruent,r,Red,r,1,1.4382418
P19,21,Male,Unsure,Stressed,47.5,40,Timer,6,red,incongruent,r,Blue,b,0,3.1126073
P19,21,Male,Unsure,Stressed,47.5,40,Timer,7,green,incongruent,g,Yellow,g,1,2.1774398
P19,21,Male,Unsure,Stressed,47.5,40,Timer,8,blue,incongruent,b,Green,b,1,1.7633401
P19,21,Male,Unsure,Stressed,47.5,40,Timer,9,yellow,incongruent,y,Green,y,1,0.9711614
P19,21,Male,Unsure,Stressed,47.5,40,Timer,10,red,incongruent,r,Green,r,1,1.008139
P19,21,Male,Unsure,Stressed,47.5,40,Timer,11,yellow,incongruent,y,Blue,y,1,1.5995563
P19,21,Male,Unsure,Stressed,47.5,40,Timer,12,blue,incongruent,b,Yellow,y,0,1.4551099
P19,21,Male,Unsure,Stressed,47.5,40,Timer,13,yellow,incongruent,y,Red,r,0,2.4533782
P19,21,Male,Unsure,Stressed,47.5,40,Timer,14,red,incongruent,r,Yellow,r,1,2.085548
P19,21,Male,Unsure,Stressed,47.5,40,Timer,15,yellow,congruent,y,Yellow,y,1,0.8338133
P19,21,Male,Unsure,Stressed,47.5,40,Timer,16,blue,congruent,b,Blue,b,1,2.1717512
P19,21,Male,Unsure,Stressed,47.5,40,Timer,17,green,incongruent,g,Blue,b,0,1.7044089
P19,21,Male,Unsure,Stressed,47.5,40,Timer,18,blue,incongruent,b,Red,r,0,2.552393
P19,21,Male,Unsure,Stressed,47.5,40,Timer,19,yellow,congruent,y,Yellow,y,1,1.0445905
P19,21,Male,Unsure,Stressed,47.5,40,Timer,20,green,congruent,g,Green,g,1,1.0391766
P20,20,Female,NoTimer,Stressed,87.5,72.5,NoTimer,1,red,incongruent,r,Green,r,1,1.8226186
P20,20,Female,NoTimer,Stressed,87.5,72.5,NoTimer,2,blue,incongruent,b,Yellow,b,1,0.8440964
P20,20,Female,NoTimer,Stressed,87.5,72.5,NoTimer,3,green,incongruent,g,Red,g,1,1.1010954
P20,20,Female,NoTimer,Stressed,87.5,72.5,NoTimer,4,yellow,incongruent,y,Green,y,1,0.8788953
P20,20,Female,NoTimer,Stressed,87.5,72.5,NoTimer,5,green,incongruent,g,Yellow,g,1,1.0367785
P20,20,Female,NoTimer,Stressed,87.5,72.5,NoTimer,6,blue,congruent,b,Blue,b,1,0.8781073
P20,20,Female,NoTimer,Stressed,87.5,72.5,NoTimer,7,yellow,incongruent,y,Red,y,1,0.9366415
P20,20,Female,NoTimer,Stressed,87.5,72.5,NoTimer,8,blue,congruent,b,Blue,b,1,0.9667498
P20,20,Female,NoTimer,Stressed,87.5,72.5,NoTimer,9,yellow,congruent,y,Yellow,y,1,0.7295084
P20,20,Female,NoTimer,Stressed,87.5,72.5,NoTimer,10,red,congruent,r,Red,r,1,0.8778915
P20,20,Female,NoTimer,Stressed,87.5,72.5,NoTimer,11,red,congruent,r,Red,r,1,1.5134958
P20,20,Female,NoTimer,Stressed,87.5,72.5,NoTimer,12,blue,incongruent,b,Red,b,1,0.9348178
P20,20,Female,NoTimer,Stressed,87.5,72.5,NoTimer,13,red,incongruent,r,Blue,r,1,2.1565261
P20,20,Female,NoTimer,Stressed,87.5,72.5,NoTimer,14,blue,incongruent,b,Green,g,0,0.9914441
P20,20,Female,NoTimer,Stressed,87.5,72.5,NoTimer,15,green,congruent,g,Green,g,1,0.7775533
P20,20,Female,NoTimer,Stressed,87.5,72.5,NoTimer,16,green,congruent,g,Green,g,1,1.3324502
P20,20,Female,NoTimer,Stressed,87.5,72.5,NoTimer,17,green,incongruent,g,Blue,g,1,1.0907838
P20,20,Female,NoTimer,Stressed,87.5,72.5,NoTimer,18,yellow,incongruent,y,Blue,y,1,0.8545956
P20,20,Female,NoTimer,Stressed,87.5,72.5,NoTimer,19,red,incongruent,r,Yellow,r,1,1.1179189
P20,20,Female,NoTimer,Stressed,87.5,72.5,NoTimer,20,yellow,congruent,y,Yellow,y,1,0.8312338
P20,20,Female,NoTimer,Stressed,87.5,72.5,Timer,1,green,congruent,g,Green,g,1,1.3372132
P20,20,Female,NoTimer,Stressed,87.5,72.5,Timer,2,red,incongruent,r,Yellow,r,1,0.9673764
P20,20,Female,NoTimer,Stressed,87.5,72.5,Timer,3,yellow,congruent,y,Yellow,y,1,0.6699206
P20,20,Female,NoTimer,Stressed,87.5,72.5,Timer,4,green,incongruent,g,Yellow,g,1,0.890892
P20,20,Female,NoTimer,Stressed,87.5,72.5,Timer,5,red,congruent,r,Red,r,1,1.218863
P20,20,Female,NoTimer,Stressed,87.5,72.5,Timer,6,blue,incongruent,b,Green,b,1,0.8791416
P20,20,Female,NoTimer,Stressed,87.5,72.5,Timer,7,green,congruent,g,Green,g,1,0.9860811
P20,20,Female,NoTimer,Stressed,87.5,72.5,Timer,8,red,incongruent,r,Blue,r,1,1.3837561
P20,20,Female,NoTimer,Stressed,87.5,72.5,Timer,9,green,incongruent,g,Blue,y,0,0.9621951
P20,20,Female,NoTimer,Stressed,87.5,72.5,Timer,10,blue,congruent,b,Blue,b,1,1.4276986
P20,20,Female,NoTimer,Stressed,87.5,72.5,Timer,11,yellow,congruent,y,Yellow,y,1,1.0234325
P20,20,Female,NoTimer,Stressed,87.5,72.5,Timer,12,yellow,incongruent,y,Red,y,1,0.8560403
P20,20,Female,NoTimer,Stressed,87.5,72.5,Timer,13,yellow,incongruent,y,Blue,y,1,0.6424319
P20,20,Female,NoTimer,Stressed,87.5,72.5,Timer,14,blue,incongruent,b,Red,b,1,0.7703942
P20,20,Female,NoTimer,Stressed,87.5,72.5,Timer,15,green,incongruent,g,Red,r,0,0.7792277
P20,20,Female,NoTimer,Stressed,87.5,72.5,Timer,16,blue,incongruent,b,Yellow,y,0,1.6262614
P20,20,Female,NoTimer,Stressed,87.5,72.5,Timer,17,blue,congruent,b,Blue,b,1,0.6301749
P20,20,Female,NoTimer,Stressed,87.5,72.5,Timer,18,red,congruent,r,Red,r,1,1.6090061
P20,20,Female,NoTimer,Stressed,87.5,72.5,Timer,19,yellow,incongruent,y,Green,y,1,2.3228943
P20,20,Female,NoTimer,Stressed,87.5,72.5,Timer,20,red,incongruent,r,Green,r,1,1.0113779
P21,20,Male,Unsure,Motivated,65,95,NoTimer,1,yellow,congruent,y,Yellow,y,1,1.5869851
P21,20,Male,Unsure,Motivated,65,95,NoTimer,2,green,congruent,g,Green,g,1,0.9588258
P21,20,Male,Unsure,Motivated,65,95,NoTimer,3,green,congruent,g,Green,g,1,1.4615497
P21,20,Male,Unsure,Motivated,65,95,NoTimer,4,red,incongruent,r,Yellow,r,1,0.9864267
P21,20,Male,Unsure,Motivated,65,95,NoTimer,5,green,incongruent,g,Blue,g,1,1.0406865
P21,20,Male,Unsure,Motivated,65,95,NoTimer,6,blue,incongruent,b,Yellow,b,1,1.4127358
P21,20,Male,Unsure,Motivated,65,95,NoTimer,7,yellow,incongruent,y,Blue,y,1,1.184911
P21,20,Male,Unsure,Motivated,65,95,NoTimer,8,yellow,incongruent,y,Red,y,1,0.8923749
P21,20,Male,Unsure,Motivated,65,95,NoTimer,9,green,incongruent,g,Red,g,1,0.9944102
P21,20,Male,Unsure,Motivated,65,95,NoTimer,10,green,incongruent,g,Yellow,g,1,0.8547367
P21,20,Male,Unsure,Motivated,65,95,NoTimer,11,red,congruent,r,Red,r,1,0.8775095
P21,20,Male,Unsure,Motivated,65,95,NoTimer,12,blue,congruent,b,Blue,b,1,1.2208813
P21,20,Male,Unsure,Motivated,65,95,NoTimer,13,blue,incongruent,b,Red,b,1,1.8311424
P21,20,Male,Unsure,Motivated,65,95,NoTimer,14,yellow,incongruent,y,Green,y,1,1.6289728
P21,20,Male,Unsure,Motivated,65,95,NoTimer,15,red,incongruent,r,Blue,r,1,1.2244467
P21,20,Male,Unsure,Motivated,65,95,NoTimer,16,red,incongruent,r,Green,r,1,1.4480346
P21,20,Male,Unsure,Motivated,65,95,NoTimer,17,blue,incongruent,b,Green,b,1,1.2029915
P21,20,Male,Unsure,Motivated,65,95,NoTimer,18,blue,congruent,b,Blue,b,1,0.9599602
P21,20,Male,Unsure,Motivated,65,95,NoTimer,19,red,congruent,r,Red,r,1,1.1456972
P21,20,Male,Unsure,Motivated,65,95,NoTimer,20,yellow,congruent,y,Yellow,y,1,1.0497177
P21,20,Male,Unsure,Motivated,65,95,Timer,1,red,congruent,r,Red,r,1,0.9486227
P21,20,Male,Unsure,Motivated,65,95,Timer,2,green,incongruent,g,Yellow,g,1,1.3092977
P21,20,Male,Unsure,Motivated,65,95,Timer,3,yellow,incongruent,y,Red,y,1,1.1667418
P21,20,Male,Unsure,Motivated,65,95,Timer,4,yellow,congruent,y,Yellow,y,1,0.7590219
P21,20,Male,Unsure,Motivated,65,95,Timer,5,yellow,incongruent,y,Blue,y,1,1.8279491
P21,20,Male,Unsure,Motivated,65,95,Timer,6,blue,incongruent,b,Red,b,1,1.0507227
P21,20,Male,Unsure,Motivated,65,95,Timer,7,red,congruent,r,Red,r,1,0.9722288
P21,20,Male,Unsure,Motivated,65,95,Timer,8,green,incongruent,g,Red,g,1,0.89834
P21,20,Male,Unsure,Motivated,65,95,Timer,9,yellow,incongruent,y,Green,y,1,0.8587622
P21,20,Male,Unsure,Motivated,65,95,Timer,10,blue,congruent,b,Blue,b,1,0.9314597
P21,20,Male,Unsure,Motivated,65,95,Timer,11,green,congruent,g,Green,g,1,0.8937294
P21,20,Male,Unsure,Motivated,65,95,Timer,12,red,incongruent,r,Blue,r,1,1.2501917
P21,20,Male,Unsure,Motivated,65,95,Timer,13,blue,incongruent,b,Yellow,b,1,1.0763034
P21,20,Male,Unsure,Motivated,65,95,Timer,14,red,incongruent,r,Green,r,1,1.1191151
P21,20,Male,Unsure,Motivated,65,95,Timer,15,green,congruent,g,Green,g,1,0.9585069
P21,20,Male,Unsure,Motivated,65,95,Timer,16,green,incongruent,g,Blue,g,1,1.514312
P21,20,Male,Unsure,Motivated,65,95,Timer,17,yellow,congruent,y,Yellow,y,1,0.9148128
P21,20,Male,Unsure,Motivated,65,95,Timer,18,red,incongruent,r,Yellow,r,1,0.9905946
P21,20,Male,Unsure,Motivated,65,95,Timer,19,blue,congruent,b,Blue,b,1,1.0465995
P21,20,Male,Unsure,Motivated,65,95,Timer,20,blue,incongruent,b,Green,b,1,1.9565373
P22,21,Female,NoTimer,Stressed,63.3,100,NoTimer,1,blue,congruent,b,Blue,b,1,1.1764327
P22,21,Female,NoTimer,Stressed,63.3,100,NoTimer,2,yellow,incongruent,y,Green,y,1,1.3763806
P22,21,Female,NoTimer,Stressed,63.3,100,NoTimer,3,green,incongruent,g,Red,g,1,1.7497211
P22,21,Female,NoTimer,Stressed,63.3,100,NoTimer,4,yellow,congruent,y,Yellow,y,1,1.1509575
P22,21,Female,NoTimer,Stressed,63.3,100,NoTimer,5,yellow,incongruent,y,Blue,y,1,1.4751638
P22,21,Female,NoTimer,Stressed,63.3,100,NoTimer,6,green,congruent,g,Green,g,1,1.0030057
P22,21,Female,NoTimer,Stressed,63.3,100,NoTimer,7,green,congruent,g,Green,g,1,2.2139306
P22,21,Female,NoTimer,Stressed,63.3,100,NoTimer,8,red,congruent,r,Red,r,1,1.4238211
P22,21,Female,NoTimer,Stressed,63.3,100,NoTimer,9,blue,incongruent,b,Yellow,b,1,1.1833404
P22,21,Female,NoTimer,Stressed,63.3,100,NoTimer,10,red,incongruent,r,Green,r,1,1.2732265
P22,21,Female,NoTimer,Stressed,63.3,100,NoTimer,11,red,incongruent,r,Blue,r,1,1.6177671
P22,21,Female,NoTimer,Stressed,63.3,100,NoTimer,12,blue,incongruent,b,Red,b,1,1.3542173
P22,21,Female,NoTimer,Stressed,63.3,100,NoTimer,13,red,incongruent,r,Yellow,r,1,1.1582516
P22,21,Female,NoTimer,Stressed,63.3,100,NoTimer,14,yellow,incongruent,y,Red,y,1,1.0757158
P22,21,Female,NoTimer,Stressed,63.3,100,NoTimer,15,green,incongruent,g,Blue,g,1,1.2136998
P22,21,Female,NoTimer,Stressed,63.3,100,NoTimer,16,blue,incongruent,b,Green,b,1,1.0295176
P22,21,Female,NoTimer,Stressed,63.3,100,NoTimer,17,green,incongruent,g,Yellow,g,1,1.343067
P22,21,Female,NoTimer,Stressed,63.3,100,NoTimer,18,blue,congruent,b,Blue,b,1,0.8724299
P22,21,Female,NoTimer,Stressed,63.3,100,NoTimer,19,yellow,congruent,y,Yellow,y,1,0.8718307
P22,21,Female,NoTimer,Stressed,63.3,100,NoTimer,20,red,congruent,r,Red,r,1,0.8007849
P22,21,Female,NoTimer,Stressed,63.3,100,Timer,1,green,congruent,g,Green,g,1,2.3818478
P22,21,Female,NoTimer,Stressed,63.3,100,Timer,2,blue,congruent,b,Blue,b,1,1.2376304
P22,21,Female,NoTimer,Stressed,63.3,100,Timer,3,yellow,incongruent,y,Red,y,1,1.1226345
P22,21,Female,NoTimer,Stressed,63.3,100,Timer,4,green,congruent,g,Green,g,1,1.023378
P22,21,Female,NoTimer,Stressed,63.3,100,Timer,5,yellow,congruent,y,Yellow,y,1,1.05019
P22,21,Female,NoTimer,Stressed,63.3,100,Timer,6,red,congruent,r,Red,r,1,1.1845332
P22,21,Female,NoTimer,Stressed,63.3,100,Timer,7,green,incongruent,g,Blue,g,1,1.0060582
P22,21,Female,NoTimer,Stressed,63.3,100,Timer,8,blue,congruent,b,Blue,b,1,0.9528864
P22,21,Female,NoTimer,Stressed,63.3,100,Timer,9,blue,incongruent,b,Red,b,1,0.9934682
P22,21,Female,NoTimer,Stressed,63.3,100,Timer,10,yellow,incongruent,y,Green,y,1,1.0364766
P22,21,Female,NoTimer,Stressed,63.3,100,Timer,11,blue,incongruent,b,Green,b,1,1.0450915
P22,21,Female,NoTimer,Stressed,63.3,100,Timer,12,red,congruent,r,Red,r,1,1.0746292
P22,21,Female,NoTimer,Stressed,63.3,100,Timer,13,red,incongruent,r,Green,r,1,0.9612701
P22,21,Female,NoTimer,Stressed,63.3,100,Timer,14,yellow,congruent,y,Yellow,y,1,0.8260643
P22,21,Female,NoTimer,Stressed,63.3,100,Timer,15,blue,incongruent,b,Yellow,b,1,1.8721753
P22,21,Female,NoTimer,Stressed,63.3,100,Timer,16,red,incongruent,r,Blue,r,1,1.4213315
P22,21,Female,NoTimer,Stressed,63.3,100,Timer,17,green,incongruent,g,Yellow,g,1,1.7351507
P22,21,Female,NoTimer,Stressed,63.3,100,Timer,18,red,incongruent,r,Yellow,r,1,1.2036621
P22,21,Female,NoTimer,Stressed,63.3,100,Timer,19,yellow,incongruent,y,Blue,y,1,0.9120743
P22,21,Female,NoTimer,Stressed,63.3,100,Timer,20,green,incongruent,g,Red,g,1,1.010448
P23,35,Male,Unsure,Motivated,100,90,NoTimer,1,red,incongruent,r,Green,r,1,0.8524049
P23,35,Male,Unsure,Motivated,100,90,NoTimer,2,yellow,incongruent,y,Green,y,1,1.3098115
P23,35,Male,Unsure,Motivated,100,90,NoTimer,3,blue,congruent,b,Blue,b,1,0.9744302
P23,35,Male,Unsure,Motivated,100,90,NoTimer,4,green,congruent,g,Green,g,1,0.7549349
P23,35,Male,Unsure,Motivated,100,90,NoTimer,5,green,incongruent,g,Red,g,1,0.9389359
P23,35,Male,Unsure,Motivated,100,90,NoTimer,6,red,congruent,r,Red,r,1,0.696161
P23,35,Male,Unsure,Motivated,100,90,NoTimer,7,red,congruent,r,Red,r,1,0.9499642
P23,35,Male,Unsure,Motivated,100,90,NoTimer,8,yellow,incongruent,y,Blue,y,1,0.9277941
P23,35,Male,Unsure,Motivated,100,90,NoTimer,9,blue,incongruent,b,Red,b,1,0.8758824
P23,35,Male,Unsure,Motivated,100,90,NoTimer,10,blue,congruent,b,Blue,b,1,0.988609
P23,35,Male,Unsure,Motivated,100,90,NoTimer,11,yellow,incongruent,y,Red,y,1,0.9215816
P23,35,Male,Unsure,Motivated,100,90,NoTimer,12,green,congruent,g,Green,g,1,0.8455905
P23,35,Male,Unsure,Motivated,100,90,NoTimer,13,blue,incongruent,b,Green,b,1,1.0224895
P23,35,Male,Unsure,Motivated,100,90,NoTimer,14,yellow,congruent,y,Yellow,y,1,0.8144004
P23,35,Male,Unsure,Motivated,100,90,NoTimer,15,red,incongruent,r,Blue,r,1,0.7784387
P23,35,Male,Unsure,Motivated,100,90,NoTimer,16,green,incongruent,g,Yellow,g,1,0.826434
P23,35,Male,Unsure,Motivated,100,90,NoTimer,17,green,incongruent,g,Blue,g,1,0.9395329
P23,35,Male,Unsure,Motivated,100,90,NoTimer,18,blue,incongruent,b,Yellow,b,1,0.673912
P23,35,Male,Unsure,Motivated,100,90,NoTimer,19,yellow,congruent,y,Yellow,y,1,0.8053883
P23,35,Male,Unsure,Motivated,100,90,NoTimer,20,red,incongruent,r,Yellow,r,1,0.7779555
P23,35,Male,Unsure,Motivated,100,90,Timer,1,green,incongruent,g,Yellow,g,1,1.3696828
P23,35,Male,Unsure,Motivated,100,90,Timer,2,red,incongruent,r,Green,r,1,1.0994922
P23,35,Male,Unsure,Motivated,100,90,Timer,3,red,congruent,r,Red,r,1,0.9888349
P23,35,Male,Unsure,Motivated,100,90,Timer,4,blue,incongruent,b,Red,b,1,0.8771476
P23,35,Male,Unsure,Motivated,100,90,Timer,5,yellow,incongruent,y,Red,y,1,0.6395107
P23,35,Male,Unsure,Motivated,100,90,Timer,6,green,congruent,g,Green,g,1,0.6514799
P23,35,Male,Unsure,Motivated,100,90,Timer,7,green,incongruent,g,Red,g,1,0.9269608
P23,35,Male,Unsure,Motivated,100,90,Timer,8,green,incongruent,g,Blue,g,1,0.8756198
P23,35,Male,Unsure,Motivated,100,90,Timer,9,green,congruent,g,Green,g,1,0.6943114
P23,35,Male,Unsure,Motivated,100,90,Timer,10,yellow,incongruent,y,Blue,y,1,0.7955725
P23,35,Male,Unsure,Motivated,100,90,Timer,11,yellow,incongruent,y,Green,y,1,0.9180513
P23,35,Male,Unsure,Motivated,100,90,Timer,12,blue,incongruent,b,Yellow,b,1,0.7961248
P23,35,Male,Unsure,Motivated,100,90,Timer,13,blue,congruent,b,Blue,b,1,0.5203519
P23,35,Male,Unsure,Motivated,100,90,Timer,14,red,incongruent,r,Yellow,r,1,0.6916578
P23,35,Male,Unsure,Motivated,100,90,Timer,15,blue,incongruent,b,Green,b,1,0.8527654
P23,35,Male,Unsure,Motivated,100,90,Timer,16,red,congruent,r,Red,r,1,0.6848656
P23,35,Male,Unsure,Motivated,100,90,Timer,17,red,incongruent,r,Blue,r,1,0.9484872
P23,35,Male,Unsure,Motivated,100,90,Timer,18,yellow,congruent,y,Yellow,y,1,0.7524392
P23,35,Male,Unsure,Motivated,100,90,Timer,19,yellow,congruent,y,Yellow,y,1,0.5668897
P23,35,Male,Unsure,Motivated,100,90,Timer,20,blue,congruent,b,Blue,b,1,0.7318323
P24,20,Female,NoTimer,Stressed,100,85,NoTimer,1,blue,congruent,b,Blue,b,1,1.2849646
P24,20,Female,NoTimer,Stressed,100,85,NoTimer,2,green,incongruent,g,Blue,g,1,4.1818168
P24,20,Female,NoTimer,Stressed,100,85,NoTimer,3,yellow,incongruent,y,Green,y,1,1.3448545
P24,20,Female,NoTimer,Stressed,100,85,NoTimer,4,blue,incongruent,b,Red,b,1,1.5643745
P24,20,Female,NoTimer,Stressed,100,85,NoTimer,5,red,incongruent,r,Green,r,1,1.5598778
P24,20,Female,NoTimer,Stressed,100,85,NoTimer,6,green,incongruent,g,Red,g,1,1.2469324
P24,20,Female,NoTimer,Stressed,100,85,NoTimer,7,yellow,congruent,y,Yellow,y,1,1.1887933
P24,20,Female,NoTimer,Stressed,100,85,NoTimer,8,green,congruent,g,Green,g,1,0.9881778
P24,20,Female,NoTimer,Stressed,100,85,NoTimer,9,red,congruent,r,Red,r,1,0.8284521
P24,20,Female,NoTimer,Stressed,100,85,NoTimer,10,blue,incongruent,b,Yellow,y,0,0.9150572
P24,20,Female,NoTimer,Stressed,100,85,NoTimer,11,green,incongruent,g,Yellow,g,1,1.5336953
P24,20,Female,NoTimer,Stressed,100,85,NoTimer,12,red,incongruent,r,Blue,r,1,1.2325246
P24,20,Female,NoTimer,Stressed,100,85,NoTimer,13,yellow,congruent,y,Yellow,y,1,0.9683595
P24,20,Female,NoTimer,Stressed,100,85,NoTimer,14,blue,congruent,b,Blue,b,1,0.9155288
P24,20,Female,NoTimer,Stressed,100,85,NoTimer,15,red,congruent,r,Red,r,1,0.9730872
P24,20,Female,NoTimer,Stressed,100,85,NoTimer,16,red,incongruent,r,Yellow,y,0,0.9131842
P24,20,Female,NoTimer,Stressed,100,85,NoTimer,17,blue,incongruent,b,Green,g,0,0.8889271
P24,20,Female,NoTimer,Stressed,100,85,NoTimer,18,yellow,incongruent,y,Blue,y,1,1.7416552
P24,20,Female,NoTimer,Stressed,100,85,NoTimer,19,yellow,incongruent,y,Red,y,1,1.3330683
P24,20,Female,NoTimer,Stressed,100,85,NoTimer,20,green,congruent,g,Green,g,1,0.9615617
P24,20,Female,NoTimer,Stressed,100,85,Timer,1,red,congruent,r,Red,r,1,1.0503889
P24,20,Female,NoTimer,Stressed,100,85,Timer,2,blue,incongruent,b,Red,b,1,1.4956043
P24,20,Female,NoTimer,Stressed,100,85,Timer,3,yellow,incongruent,y,Red,y,1,0.9025072
P24,20,Female,NoTimer,Stressed,100,85,Timer,4,red,incongruent,r,Yellow,y,0,0.8645557
P24,20,Female,NoTimer,Stressed,100,85,Timer,5,blue,incongruent,b,Green,b,1,1.3148093
P24,20,Female,NoTimer,Stressed,100,85,Timer,6,blue,congruent,b,Blue,b,1,0.7638584
P24,20,Female,NoTimer,Stressed,100,85,Timer,7,blue,congruent,b,Blue,b,1,1.9350104
P24,20,Female,NoTimer,Stressed,100,85,Timer,8,red,congruent,r,Red,r,1,0.9836397
P24,20,Female,NoTimer,Stressed,100,85,Timer,9,red,incongruent,r,Blue,r,1,1.1814305
P24,20,Female,NoTimer,Stressed,100,85,Timer,10,green,incongruent,g,Yellow,g,1,1.2833225
P24,20,Female,NoTimer,Stressed,100,85,Timer,11,green,congruent,g,Green,g,1,0.9277168
P24,20,Female,NoTimer,Stressed,100,85,Timer,12,yellow,congruent,y,Yellow,y,1,0.9674704
P24,20,Female,NoTimer,Stressed,100,85,Timer,13,blue,incongruent,b,Yellow,b,1,1.2921319
P24,20,Female,NoTimer,Stressed,100,85,Timer,14,red,incongruent,r,Green,r,1,1.0642415
P24,20,Female,NoTimer,Stressed,100,85,Timer,15,green,congruent,g,Green,g,1,1.3712392
P24,20,Female,NoTimer,Stressed,100,85,Timer,16,yellow,congruent,y,Yellow,y,1,1.7439387
P24,20,Female,NoTimer,Stressed,100,85,Timer,17,green,incongruent,g,Blue,g,1,1.1994233
P24,20,Female,NoTimer,Stressed,100,85,Timer,18,yellow,incongruent,y,Blue,y,1,1.0355143
P24,20,Female,NoTimer,Stressed,100,85,Timer,19,yellow,incongruent,y,Green,y,1,1.3907197
P24,20,Female,NoTimer,Stressed,100,85,Timer,20,green,incongruent,g,Red,g,1,1.1033137
P25,20,Female,Sometimes,Stressed,50,47,NoTimer,1,red,incongruent,r,Green,r,1,1.1901759
P25,20,Female,Sometimes,Stressed,50,47,NoTimer,2,green,congruent,g,Green,g,1,1.4007291
P25,20,Female,Sometimes,Stressed,50,47,NoTimer,3,green,incongruent,g,Yellow,g,1,1.1283456
P25,20,Female,Sometimes,Stressed,50,47,NoTimer,4,blue,congruent,b,Blue,b,1,1.1659949
P25,20,Female,Sometimes,Stressed,50,47,NoTimer,5,green,incongruent,g,Red,g,1,1.1870862
P25,20,Female,Sometimes,Stressed,50,47,NoTimer,6,red,congruent,r,Red,r,1,0.8896705
P25,20,Female,Sometimes,Stressed,50,47,NoTimer,7,blue,incongruent,b,Green,b,1,1.243314
P25,20,Female,Sometimes,Stressed,50,47,NoTimer,8,yellow,incongruent,y,Red,y,1,1.2089617
P25,20,Female,Sometimes,Stressed,50,47,NoTimer,9,green,incongruent,g,Blue,g,1,1.0251381
P25,20,Female,Sometimes,Stressed,50,47,NoTimer,10,yellow,congruent,y,Yellow,y,1,1.0298045
P25,20,Female,Sometimes,Stressed,50,47,NoTimer,11,blue,congruent,b,Blue,b,1,1.0331355
P25,20,Female,Sometimes,Stressed,50,47,NoTimer,12,blue,incongruent,b,Red,b,1,1.0322728
P25,20,Female,Sometimes,Stressed,50,47,NoTimer,13,green,congruent,g,Green,g,1,0.8444194
P25,20,Female,Sometimes,Stressed,50,47,NoTimer,14,red,congruent,r,Red,r,1,0.8085616
P25,20,Female,Sometimes,Stressed,50,47,NoTimer,15,yellow,incongruent,y,Blue,y,1,0.9968589
P25,20,Female,Sometimes,Stressed,50,47,NoTimer,16,red,incongruent,r,Blue,r,1,1.1604046
P25,20,Female,Sometimes,Stressed,50,47,NoTimer,17,blue,incongruent,b,Yellow,b,1,1.2069823
P25,20,Female,Sometimes,Stressed,50,47,NoTimer,18,yellow,incongruent,y,Green,y,1,1.1034391
P25,20,Female,Sometimes,Stressed,50,47,NoTimer,19,yellow,congruent,y,Yellow,y,1,1.0168913
P25,20,Female,Sometimes,Stressed,50,47,NoTimer,20,red,incongruent,r,Yellow,r,1,1.121651
P25,20,Female,Sometimes,Stressed,50,47,Timer,1,blue,incongruent,b,Green,g,0,1.3034798
P25,20,Female,Sometimes,Stressed,50,47,Timer,2,red,congruent,r,Red,r,1,1.2979821
P25,20,Female,Sometimes,Stressed,50,47,Timer,3,red,incongruent,r,Yellow,r,1,0.7452826
P25,20,Female,Sometimes,Stressed,50,47,Timer,4,red,incongruent,r,Blue,r,1,0.818776
P25,20,Female,Sometimes,Stressed,50,47,Timer,5,green,incongruent,g,Blue,g,1,1.1963298
P25,20,Female,Sometimes,Stressed,50,47,Timer,6,yellow,congruent,y,Yellow,y,1,0.8839979
P25,20,Female,Sometimes,Stressed,50,47,Timer,7,red,incongruent,r,Green,r,1,0.9037066
P25,20,Female,Sometimes,Stressed,50,47,Timer,8,yellow,incongruent,y,Blue,y,1,1.0498286
P25,20,Female,Sometimes,Stressed,50,47,Timer,9,blue,incongruent,b,Yellow,b,1,1.0943761
P25,20,Female,Sometimes,Stressed,50,47,Timer,10,green,congruent,g,Green,g,1,0.8133189
P25,20,Female,Sometimes,Stressed,50,47,Timer,11,green,incongruent,g,Red,g,1,0.803179
P25,20,Female,Sometimes,Stressed,50,47,Timer,12,blue,congruent,b,Blue,b,1,0.8744712
P25,20,Female,Sometimes,Stressed,50,47,Timer,13,green,incongruent,g,Yellow,g,1,0.8662143
P25,20,Female,Sometimes,Stressed,50,47,Timer,14,red,congruent,r,Red,r,1,0.6699344
P25,20,Female,Sometimes,Stressed,50,47,Timer,15,blue,incongruent,b,Red,b,1,1.0988584
P25,20,Female,Sometimes,Stressed,50,47,Timer,16,blue,congruent,b,Blue,b,1,1.1258106
P25,20,Female,Sometimes,Stressed,50,47,Timer,17,yellow,congruent,y,Yellow,y,1,0.9339719
P25,20,Female,Sometimes,Stressed,50,47,Timer,18,green,congruent,g,Green,g,1,1.0219063
P25,20,Female,Sometimes,Stressed,50,47,Timer,19,yellow,incongruent,y,Green,y,1,0.9953504
P25,20,Female,Sometimes,Stressed,50,47,Timer,20,yellow,incongruent,y,Red,y,1,0.5400772
P26,21,Male,NoTimer,Avoidant,41,60,NoTimer,1,red,congruent,r,Red,r,1,1.1148973
P26,21,Male,NoTimer,Avoidant,41,60,NoTimer,2,blue,incongruent,b,Green,g,0,1.1718458
P26,21,Male,NoTimer,Avoidant,41,60,NoTimer,3,red,congruent,r,Red,r,1,0.7354635
P26,21,Male,NoTimer,Avoidant,41,60,NoTimer,4,red,incongruent,r,Blue,b,0,1.1265363
P26,21,Male,NoTimer,Avoidant,41,60,NoTimer,5,blue,congruent,b,Blue,b,1,0.7212612
P26,21,Male,NoTimer,Avoidant,41,60,NoTimer,6,green,incongruent,g,Yellow,y,0,1.0338038
P26,21,Male,NoTimer,Avoidant,41,60,NoTimer,7,blue,congruent,b,Blue,b,1,0.8812425
P26,21,Male,NoTimer,Avoidant,41,60,NoTimer,8,green,incongruent,g,Red,r,0,0.6832773
P26,21,Male,NoTimer,Avoidant,41,60,NoTimer,9,red,incongruent,r,Green,g,0,0.9075288
P26,21,Male,NoTimer,Avoidant,41,60,NoTimer,10,blue,incongruent,b,Yellow,y,0,0.8634811
P26,21,Male,NoTimer,Avoidant,41,60,NoTimer,11,red,incongruent,r,Yellow,y,0,0.9809991
P26,21,Male,NoTimer,Avoidant,41,60,NoTimer,12,yellow,incongruent,y,Red,r,0,0.8557152
P26,21,Male,NoTimer,Avoidant,41,60,NoTimer,13,yellow,congruent,y,Yellow,y,1,1.0870872
P26,21,Male,NoTimer,Avoidant,41,60,NoTimer,14,green,congruent,g,Green,g,1,0.9244639
P26,21,Male,NoTimer,Avoidant,41,60,NoTimer,15,green,incongruent,g,Blue,b,0,0.8016178
P26,21,Male,NoTimer,Avoidant,41,60,NoTimer,16,green,congruent,g,Green,g,1,0.9332335
P26,21,Male,NoTimer,Avoidant,41,60,NoTimer,17,blue,incongruent,b,Red,r,0,0.8575652
P26,21,Male,NoTimer,Avoidant,41,60,NoTimer,18,yellow,congruent,y,Yellow,y,1,0.9756488
P26,21,Male,NoTimer,Avoidant,41,60,NoTimer,19,yellow,incongruent,y,Green,g,0,0.9571095
P26,21,Male,NoTimer,Avoidant,41,60,NoTimer,20,yellow,incongruent,y,Blue,b,0,0.8468951
P26,21,Male,NoTimer,Avoidant,41,60,Timer,1,blue,incongruent,b,Red,r,0,0.9251205
P26,21,Male,NoTimer,Avoidant,41,60,Timer,2,green,congruent,g,Green,g,1,0.7615768
P26,21,Male,NoTimer,Avoidant,41,60,Timer,3,green,congruent,g,Green,g,1,1.0493104
P26,21,Male,NoTimer,Avoidant,41,60,Timer,4,red,incongruent,r,Yellow,y,0,0.6781961
P26,21,Male,NoTimer,Avoidant,41,60,Timer,5,yellow,incongruent,y,Red,r,0,0.6002646
P26,21,Male,NoTimer,Avoidant,41,60,Timer,6,yellow,incongruent,y,Blue,g,0,0.6574839
P26,21,Male,NoTimer,Avoidant,41,60,Timer,7,blue,congruent,b,Blue,b,1,1.1590505
P26,21,Male,NoTimer,Avoidant,41,60,Timer,8,yellow,incongruent,y,Green,g,0,0.7921727
P26,21,Male,NoTimer,Avoidant,41,60,Timer,9,red,congruent,r,Red,r,1,0.6675518
P26,21,Male,NoTimer,Avoidant,41,60,Timer,10,green,incongruent,g,Yellow,y,0,0.9296958
P26,21,Male,NoTimer,Avoidant,41,60,Timer,11,red,incongruent,r,Blue,b,0,0.8634834
P26,21,Male,NoTimer,Avoidant,41,60,Timer,12,red,congruent,r,Red,r,1,0.8130895
P26,21,Male,NoTimer,Avoidant,41,60,Timer,13,blue,incongruent,b,Yellow,y,0,0.7072009
P26,21,Male,NoTimer,Avoidant,41,60,Timer,14,yellow,congruent,y,Yellow,y,1,0.7920949
P26,21,Male,NoTimer,Avoidant,41,60,Timer,15,green,incongruent,g,Red,r,0,0.5969642
P26,21,Male,NoTimer,Avoidant,41,60,Timer,16,green,incongruent,g,Blue,b,0,0.6606055
P26,21,Male,NoTimer,Avoidant,41,60,Timer,17,red,incongruent,r,Green,g,0,0.8892835
P26,21,Male,NoTimer,Avoidant,41,60,Timer,18,blue,congruent,b,Blue,b,1,0.9308894
P26,21,Male,NoTimer,Avoidant,41,60,Timer,19,yellow,congruent,y,Yellow,y,1,0.7307616
P26,21,Male,NoTimer,Avoidant,41,60,Timer,20,blue,incongruent,b,Green,r,0,0.6500729
P27,58,Female,Timer,Motivated,76.6,90,NoTimer,1,green,congruent,g,Green,g,1,1.0325148
P27,58,Female,Timer,Motivated,76.6,90,NoTimer,2,green,incongruent,g,Red,g,1,1.5684756
P27,58,Female,Timer,Motivated,76.6,90,NoTimer,3,red,incongruent,r,Green,r,1,1.4987787
P27,58,Female,Timer,Motivated,76.6,90,NoTimer,4,green,incongruent,g,Yellow,g,1,1.3732654
P27,58,Female,Timer,Motivated,76.6,90,NoTimer,5,red,incongruent,r,Yellow,r,1,1.1739625
P27,58,Female,Timer,Motivated,76.6,90,NoTimer,6,blue,incongruent,b,Yellow,b,1,1.1433511
P27,58,Female,Timer,Motivated,76.6,90,NoTimer,7,red,incongruent,r,Blue,r,1,1.496955
P27,58,Female,Timer,Motivated,76.6,90,NoTimer,8,red,congruent,r,Red,r,1,0.7489729
P27,58,Female,Timer,Motivated,76.6,90,NoTimer,9,blue,incongruent,b,Green,b,1,1.7485136
P27,58,Female,Timer,Motivated,76.6,90,NoTimer,10,yellow,congruent,y,Yellow,y,1,1.0844572
P27,58,Female,Timer,Motivated,76.6,90,NoTimer,11,blue,congruent,b,Blue,b,1,1.2787672
P27,58,Female,Timer,Motivated,76.6,90,NoTimer,12,green,congruent,g,Green,g,1,0.9133295
P27,58,Female,Timer,Motivated,76.6,90,NoTimer,13,yellow,incongruent,y,Red,y,1,1.1022852
P27,58,Female,Timer,Motivated,76.6,90,NoTimer,14,green,incongruent,g,Blue,g,1,1.9815708
P27,58,Female,Timer,Motivated,76.6,90,NoTimer,15,yellow,congruent,y,Yellow,y,1,0.946807
P27,58,Female,Timer,Motivated,76.6,90,NoTimer,16,yellow,incongruent,y,Green,y,1,1.6186319
P27,58,Female,Timer,Motivated,76.6,90,NoTimer,17,red,congruent,r,Red,r,1,0.8946279
P27,58,Female,Timer,Motivated,76.6,90,NoTimer,18,blue,incongruent,b,Red,b,1,1.1332687
P27,58,Female,Timer,Motivated,76.6,90,NoTimer,19,blue,congruent,b,Blue,b,1,0.8773723
P27,58,Female,Timer,Motivated,76.6,90,NoTimer,20,yellow,incongruent,y,Blue,y,1,1.1310665
P27,58,Female,Timer,Motivated,76.6,90,Timer,1,red,incongruent,r,Blue,r,1,4.6911669
P27,58,Female,Timer,Motivated,76.6,90,Timer,2,green,incongruent,g,Red,g,1,1.1124738
P27,58,Female,Timer,Motivated,76.6,90,Timer,3,yellow,congruent,y,Yellow,y,1,0.8094926
P27,58,Female,Timer,Motivated,76.6,90,Timer,4,yellow,incongruent,y,Green,y,1,1.0245923
P27,58,Female,Timer,Motivated,76.6,90,Timer,5,blue,congruent,b,Blue,b,1,0.7617351
P27,58,Female,Timer,Motivated,76.6,90,Timer,6,blue,congruent,b,Blue,b,1,0.8890967
P27,58,Female,Timer,Motivated,76.6,90,Timer,7,blue,incongruent,b,Red,b,1,1.0860824
P27,58,Female,Timer,Motivated,76.6,90,Timer,8,red,congruent,r,Red,r,1,0.7029848
P27,58,Female,Timer,Motivated,76.6,90,Timer,9,green,incongruent,g,Yellow,g,1,1.1245148
P27,58,Female,Timer,Motivated,76.6,90,Timer,10,yellow,congruent,y,Yellow,y,1,0.7155636
P27,58,Female,Timer,Motivated,76.6,90,Timer,11,green,congruent,g,Green,g,1,0.6750092
P27,58,Female,Timer,Motivated,76.6,90,Timer,12,yellow,incongruent,y,Blue,y,1,0.9225394
P27,58,Female,Timer,Motivated,76.6,90,Timer,13,red,incongruent,r,Green,r,1,1.433916
P27,58,Female,Timer,Motivated,76.6,90,Timer,14,yellow,incongruent,y,Red,y,1,0.8287436
P27,58,Female,Timer,Motivated,76.6,90,Timer,15,blue,incongruent,b,Green,g,0,1.564869
P27,58,Female,Timer,Motivated,76.6,90,Timer,16,red,congruent,r,Red,r,1,1.2720918
P27,58,Female,Timer,Motivated,76.6,90,Timer,17,green,congruent,g,Green,g,1,1.3332822
P27,58,Female,Timer,Motivated,76.6,90,Timer,18,red,incongruent,r,Yellow,r,1,1.0394785
P27,58,Female,Timer,Motivated,76.6,90,Timer,19,blue,incongruent,b,Yellow,b,1,0.850796
P27,58,Female,Timer,Motivated,76.6,90,Timer,20,green,incongruent,g,Blue,g,1,1.5879318
P28,25,Male,NoTimer,Stressed,40,35,NoTimer,1,red,congruent,r,Red,r,1,1.2586652
P28,25,Male,NoTimer,Stressed,40,35,NoTimer,2,green,congruent,g,Green,g,1,0.7937288
P28,25,Male,NoTimer,Stressed,40,35,NoTimer,3,yellow,incongruent,y,Blue,y,1,1.1135856
P28,25,Male,NoTimer,Stressed,40,35,NoTimer,4,blue,incongruent,b,Green,b,1,1.1970315
P28,25,Male,NoTimer,Stressed,40,35,NoTimer,5,yellow,congruent,y,Yellow,y,1,0.7559517
P28,25,Male,NoTimer,Stressed,40,35,NoTimer,6,green,incongruent,g,Yellow,g,1,1.6049102
P28,25,Male,NoTimer,Stressed,40,35,NoTimer,7,green,congruent,g,Green,g,1,0.7290533
P28,25,Male,NoTimer,Stressed,40,35,NoTimer,8,yellow,incongruent,y,Red,y,1,0.7759977
P28,25,Male,NoTimer,Stressed,40,35,NoTimer,9,yellow,incongruent,y,Green,g,0,0.9509026
P28,25,Male,NoTimer,Stressed,40,35,NoTimer,10,blue,incongruent,b,Yellow,b,1,2.2996778
P28,25,Male,NoTimer,Stressed,40,35,NoTimer,11,red,incongruent,r,Green,r,1,1.0056709
P28,25,Male,NoTimer,Stressed,40,35,NoTimer,12,blue,congruent,b,Blue,b,1,0.8189213
P28,25,Male,NoTimer,Stressed,40,35,NoTimer,13,red,incongruent,r,Yellow,r,1,1.649767
P28,25,Male,NoTimer,Stressed,40,35,NoTimer,14,yellow,congruent,y,Yellow,y,1,0.8396146
P28,25,Male,NoTimer,Stressed,40,35,NoTimer,15,red,incongruent,r,Blue,r,1,2.1936487
P28,25,Male,NoTimer,Stressed,40,35,NoTimer,16,green,incongruent,g,Red,g,1,1.5124811
P28,25,Male,NoTimer,Stressed,40,35,NoTimer,17,red,congruent,r,Red,r,1,1.0874532
P28,25,Male,NoTimer,Stressed,40,35,NoTimer,18,blue,congruent,b,Blue,b,1,0.8018898
P28,25,Male,NoTimer,Stressed,40,35,NoTimer,19,green,incongruent,g,Blue,g,1,1.0173783
P28,25,Male,NoTimer,Stressed,40,35,NoTimer,20,blue,incongruent,b,Red,b,1,1.0322522
P28,25,Male,NoTimer,Stressed,40,35,Timer,1,yellow,congruent,y,Yellow,y,1,1.2438469
P28,25,Male,NoTimer,Stressed,40,35,Timer,2,red,congruent,r,Red,r,1,0.992763
P28,25,Male,NoTimer,Stressed,40,35,Timer,3,red,congruent,r,Red,r,1,1.4402812
P28,25,Male,NoTimer,Stressed,40,35,Timer,4,yellow,congruent,y,Yellow,y,1,0.9978874
P28,25,Male,NoTimer,Stressed,40,35,Timer,5,green,incongruent,g,Red,g,1,0.7546038
P28,25,Male,NoTimer,Stressed,40,35,Timer,6,blue,incongruent,b,Green,b,1,0.7686552
P28,25,Male,NoTimer,Stressed,40,35,Timer,7,red,incongruent,r,Green,r,1,1.0143938
P28,25,Male,NoTimer,Stressed,40,35,Timer,8,yellow,incongruent,y,Blue,y,1,0.903513
P28,25,Male,NoTimer,Stressed,40,35,Timer,9,green,incongruent,g,Blue,g,1,0.8293303
P28,25,Male,NoTimer,Stressed,40,35,Timer,10,blue,congruent,b,Blue,b,1,0.8479908
P28,25,Male,NoTimer,Stressed,40,35,Timer,11,red,incongruent,r,Blue,r,1,1.0360332
P28,25,Male,NoTimer,Stressed,40,35,Timer,12,blue,incongruent,b,Red,b,1,1.0159169
P28,25,Male,NoTimer,Stressed,40,35,Timer,13,green,congruent,g,Green,g,1,0.7990085
P28,25,Male,NoTimer,Stressed,40,35,Timer,14,green,incongruent,g,Yellow,g,1,0.8519757
P28,25,Male,NoTimer,Stressed,40,35,Timer,15,yellow,incongruent,y,Red,y,1,0.8980324
P28,25,Male,NoTimer,Stressed,40,35,Timer,16,red,incongruent,r,Yellow,r,1,1.2572533
P28,25,Male,NoTimer,Stressed,40,35,Timer,17,blue,congruent,b,Blue,b,1,0.6328531
P28,25,Male,NoTimer,Stressed,40,35,Timer,18,blue,incongruent,b,Yellow,b,1,1.0953553
P28,25,Male,NoTimer,Stressed,40,35,Timer,19,green,congruent,g,Green,g,1,0.7348417
P28,25,Male,NoTimer,Stressed,40,35,Timer,20,yellow,incongruent,y,Green,y,1,0.8013222
P29,19,Male,Timer,Avoidant,80.5,87,NoTimer,1,yellow,congruent,y,Yellow,y,1,1.8178005
P29,19,Male,Timer,Avoidant,80.5,87,NoTimer,2,green,incongruent,g,Blue,g,1,1.0658158
P29,19,Male,Timer,Avoidant,80.5,87,NoTimer,3,green,incongruent,g,Yellow,g,1,1.3738296
P29,19,Male,Timer,Avoidant,80.5,87,NoTimer,4,red,congruent,r,Red,r,1,0.9421435
P29,19,Male,Timer,Avoidant,80.5,87,NoTimer,5,green,congruent,g,Green,g,1,1.0195425
P29,19,Male,Timer,Avoidant,80.5,87,NoTimer,6,blue,incongruent,b,Red,b,1,1.2227129
P29,19,Male,Timer,Avoidant,80.5,87,NoTimer,7,green,congruent,g,Green,g,1,0.8033017
P29,19,Male,Timer,Avoidant,80.5,87,NoTimer,8,yellow,incongruent,y,Blue,y,1,1.0399329
P29,19,Male,Timer,Avoidant,80.5,87,NoTimer,9,red,incongruent,r,Yellow,r,1,0.9268956
P29,19,Male,Timer,Avoidant,80.5,87,NoTimer,10,yellow,incongruent,y,Green,y,1,1.1704482
P29,19,Male,Timer,Avoidant,80.5,87,NoTimer,11,blue,incongruent,b,Yellow,b,1,1.0671241
P29,19,Male,Timer,Avoidant,80.5,87,NoTimer,12,green,incongruent,g,Red,g,1,1.0450924
P29,19,Male,Timer,Avoidant,80.5,87,NoTimer,13,blue,congruent,b,Blue,b,1,0.9530188
P29,19,Male,Timer,Avoidant,80.5,87,NoTimer,14,red,congruent,r,Red,r,1,0.8555951
P29,19,Male,Timer,Avoidant,80.5,87,NoTimer,15,red,incongruent,r,Green,r,1,1.7935058
P29,19,Male,Timer,Avoidant,80.5,87,NoTimer,16,red,incongruent,r,Blue,r,1,1.0268877
P29,19,Male,Timer,Avoidant,80.5,87,NoTimer,17,yellow,congruent,y,Yellow,y,1,0.8912522
P29,19,Male,Timer,Avoidant,80.5,87,NoTimer,18,yellow,incongruent,y,Red,y,1,1.1915941
P29,19,Male,Timer,Avoidant,80.5,87,NoTimer,19,blue,incongruent,b,Green,b,1,1.3573565
P29,19,Male,Timer,Avoidant,80.5,87,NoTimer,20,blue,congruent,b,Blue,b,1,0.7535304
P29,19,Male,Timer,Avoidant,80.5,87,Timer,1,yellow,incongruent,y,Green,y,1,1.8956816
P29,19,Male,Timer,Avoidant,80.5,87,Timer,2,blue,incongruent,b,Red,b,1,0.8669779
P29,19,Male,Timer,Avoidant,80.5,87,Timer,3,blue,incongruent,b,Yellow,b,1,0.8634718
P29,19,Male,Timer,Avoidant,80.5,87,Timer,4,red,congruent,r,Red,r,1,0.8337302
P29,19,Male,Timer,Avoidant,80.5,87,Timer,5,red,incongruent,r,Yellow,r,1,0.6940078
P29,19,Male,Timer,Avoidant,80.5,87,Timer,6,red,incongruent,r,Blue,r,1,0.6790408
P29,19,Male,Timer,Avoidant,80.5,87,Timer,7,blue,congruent,b,Blue,b,1,0.7564169
P29,19,Male,Timer,Avoidant,80.5,87,Timer,8,green,congruent,g,Green,g,1,0.9406369
P29,19,Male,Timer,Avoidant,80.5,87,Timer,9,yellow,congruent,y,Yellow,y,1,0.8693547
P29,19,Male,Timer,Avoidant,80.5,87,Timer,10,yellow,congruent,y,Yellow,y,1,1.0871581
P29,19,Male,Timer,Avoidant,80.5,87,Timer,11,blue,congruent,b,Blue,b,1,0.8588595
P29,19,Male,Timer,Avoidant,80.5,87,Timer,12,green,incongruent,g,Blue,g,1,1.3258737
P29,19,Male,Timer,Avoidant,80.5,87,Timer,13,blue,incongruent,b,Green,b,1,0.8123825
P29,19,Male,Timer,Avoidant,80.5,87,Timer,14,red,congruent,r,Red,r,1,0.8081978
P29,19,Male,Timer,Avoidant,80.5,87,Timer,15,yellow,incongruent,y,Red,y,1,0.9591001
P29,19,Male,Timer,Avoidant,80.5,87,Timer,16,green,congruent,g,Green,g,1,0.9179409
P29,19,Male,Timer,Avoidant,80.5,87,Timer,17,yellow,incongruent,y,Blue,y,1,1.0775283
P29,19,Male,Timer,Avoidant,80.5,87,Timer,18,green,incongruent,g,Red,g,1,1.0777749
P29,19,Male,Timer,Avoidant,80.5,87,Timer,19,red,incongruent,r,Green,r,1,0.988928
P29,19,Male,Timer,Avoidant,80.5,87,Timer,20,green,incongruent,g,Yellow,g,1,1.2948178
P30,21,Male,NoTimer,Stressed,84,82,NoTimer,1,blue,congruent,b,Blue,b,1,1.1650065
P30,21,Male,NoTimer,Stressed,84,82,NoTimer,2,red,incongruent,r,Green,r,1,1.1711153
P30,21,Male,NoTimer,Stressed,84,82,NoTimer,3,green,congruent,g,Green,g,1,1.3263103
P30,21,Male,NoTimer,Stressed,84,82,NoTimer,4,green,incongruent,g,Blue,g,1,1.0318747
P30,21,Male,NoTimer,Stressed,84,82,NoTimer,5,yellow,incongruent,y,Green,y,1,0.9179266
P30,21,Male,NoTimer,Stressed,84,82,NoTimer,6,yellow,congruent,y,Yellow,y,1,0.7245749
P30,21,Male,NoTimer,Stressed,84,82,NoTimer,7,green,incongruent,g,Yellow,g,1,0.9782727
P30,21,Male,NoTimer,Stressed,84,82,NoTimer,8,yellow,incongruent,y,Red,y,1,1.1791205
P30,21,Male,NoTimer,Stressed,84,82,NoTimer,9,green,congruent,g,Green,g,1,1.0182756
P30,21,Male,NoTimer,Stressed,84,82,NoTimer,10,blue,incongruent,b,Green,b,1,1.0723297
P30,21,Male,NoTimer,Stressed,84,82,NoTimer,11,blue,incongruent,b,Red,b,1,1.1779492
P30,21,Male,NoTimer,Stressed,84,82,NoTimer,12,yellow,congruent,y,Yellow,y,1,1.1018012
P30,21,Male,NoTimer,Stressed,84,82,NoTimer,13,blue,congruent,b,Blue,b,1,1.0021953
P30,21,Male,NoTimer,Stressed,84,82,NoTimer,14,yellow,incongruent,y,Blue,y,1,0.9032906
P30,21,Male,NoTimer,Stressed,84,82,NoTimer,15,red,congruent,r,Red,r,1,0.8790154
P30,21,Male,NoTimer,Stressed,84,82,NoTimer,16,green,incongruent,g,Red,g,1,1.5474472
P30,21,Male,NoTimer,Stressed,84,82,NoTimer,17,red,congruent,r,Red,r,1,1.6756377
P30,21,Male,NoTimer,Stressed,84,82,NoTimer,18,blue,incongruent,b,Yellow,b,1,1.1395046
P30,21,Male,NoTimer,Stressed,84,82,NoTimer,19,red,incongruent,r,Blue,r,1,1.5322578
P30,21,Male,NoTimer,Stressed,84,82,NoTimer,20,red,incongruent,r,Yellow,y,0,1.7289459
P30,21,Male,NoTimer,Stressed,84,82,Timer,1,green,congruent,g,Green,g,1,0.8289482
P30,21,Male,NoTimer,Stressed,84,82,Timer,2,yellow,incongruent,y,Red,y,1,1.1082732
P30,21,Male,NoTimer,Stressed,84,82,Timer,3,blue,incongruent,b,Green,b,1,0.8449175
P30,21,Male,NoTimer,Stressed,84,82,Timer,4,blue,incongruent,b,Red,b,1,0.8270912
P30,21,Male,NoTimer,Stressed,84,82,Timer,5,green,incongruent,g,Red,g,1,0.8061692
P30,21,Male,NoTimer,Stressed,84,82,Timer,6,blue,incongruent,b,Yellow,b,1,0.9252524
P30,21,Male,NoTimer,Stressed,84,82,Timer,7,green,incongruent,g,Blue,g,1,1.4312354
P30,21,Male,NoTimer,Stressed,84,82,Timer,8,blue,congruent,b,Blue,b,1,0.6131912
P30,21,Male,NoTimer,Stressed,84,82,Timer,9,yellow,congruent,y,Yellow,y,1,0.6604213
P30,21,Male,NoTimer,Stressed,84,82,Timer,10,red,congruent,r,Red,r,1,0.5957576
P30,21,Male,NoTimer,Stressed,84,82,Timer,11,yellow,congruent,y,Yellow,y,1,0.7756993
P30,21,Male,NoTimer,Stressed,84,82,Timer,12,red,congruent,r,Red,r,1,0.5567715
P30,21,Male,NoTimer,Stressed,84,82,Timer,13,red,incongruent,r,Blue,r,1,0.9539264
P30,21,Male,NoTimer,Stressed,84,82,Timer,14,red,incongruent,r,Green,r,1,0.8072548
P30,21,Male,NoTimer,Stressed,84,82,Timer,15,red,incongruent,r,Yellow,r,1,0.7322608
P30,21,Male,NoTimer,Stressed,84,82,Timer,16,green,congruent,g,Green,g,1,0.6751204
P30,21,Male,NoTimer,Stressed,84,82,Timer,17,blue,congruent,b,Blue,b,1,0.6887778
P30,21,Male,NoTimer,Stressed,84,82,Timer,18,yellow,incongruent,y,Blue,y,1,0.7970666
P30,21,Male,NoTimer,Stressed,84,82,Timer,19,green,incongruent,g,Yellow,g,1,1.1786963
P30,21,Male,NoTimer,Stressed,84,82,Timer,20,yellow,incongruent,y,Green,y,1,1.2150116
P31,20,Male,Timer,Stressed,70,65,NoTimer,1,blue,incongruent,b,Yellow,b,1,2.9613669
P31,20,Male,Timer,Stressed,70,65,NoTimer,2,green,incongruent,g,Yellow,g,1,1.2647814
P31,20,Male,Timer,Stressed,70,65,NoTimer,3,red,incongruent,r,Yellow,r,1,1.0208385
P31,20,Male,Timer,Stressed,70,65,NoTimer,4,yellow,incongruent,y,Blue,y,1,1.5534202
P31,20,Male,Timer,Stressed,70,65,NoTimer,5,green,incongruent,g,Blue,g,1,0.9919982
P31,20,Male,Timer,Stressed,70,65,NoTimer,6,red,incongruent,r,Blue,r,1,1.1269423
P31,20,Male,Timer,Stressed,70,65,NoTimer,7,green,congruent,g,Green,g,1,1.1636844
P31,20,Male,Timer,Stressed,70,65,NoTimer,8,yellow,congruent,y,Yellow,y,1,1.3362978
P31,20,Male,Timer,Stressed,70,65,NoTimer,9,red,incongruent,r,Green,r,1,0.9995123
P31,20,Male,Timer,Stressed,70,65,NoTimer,10,blue,incongruent,b,Red,b,1,1.3537181
P31,20,Male,Timer,Stressed,70,65,NoTimer,11,yellow,incongruent,y,Green,y,1,1.3783061
P31,20,Male,Timer,Stressed,70,65,NoTimer,12,blue,incongruent,b,Green,b,1,1.5135893
P31,20,Male,Timer,Stressed,70,65,NoTimer,13,red,congruent,r,Red,r,1,1.2117044
P31,20,Male,Timer,Stressed,70,65,NoTimer,14,red,congruent,r,Red,r,1,1.9835658
P31,20,Male,Timer,Stressed,70,65,NoTimer,15,yellow,incongruent,y,Red,y,1,1.241832
P31,20,Male,Timer,Stressed,70,65,NoTimer,16,green,incongruent,g,Red,g,1,1.5042956
P31,20,Male,Timer,Stressed,70,65,NoTimer,17,green,congruent,g,Green,g,1,0.892455
P31,20,Male,Timer,Stressed,70,65,NoTimer,18,yellow,congruent,y,Yellow,y,1,1.0674049
P31,20,Male,Timer,Stressed,70,65,NoTimer,19,blue,congruent,b,Blue,b,1,1.0312586
P31,20,Male,Timer,Stressed,70,65,NoTimer,20,blue,congruent,b,Blue,b,1,1.178693
P31,20,Male,Timer,Stressed,70,65,Timer,1,blue,congruent,b,Blue,b,1,1.5170922
P31,20,Male,Timer,Stressed,70,65,Timer,2,green,incongruent,g,Yellow,g,1,1.2019186
P31,20,Male,Timer,Stressed,70,65,Timer,3,green,congruent,g,Green,g,1,0.7063936
P31,20,Male,Timer,Stressed,70,65,Timer,4,green,incongruent,g,Blue,g,1,0.8256777
P31,20,Male,Timer,Stressed,70,65,Timer,5,red,congruent,r,Red,r,1,0.9073541
P31,20,Male,Timer,Stressed,70,65,Timer,6,red,congruent,r,Red,r,1,0.6092935
P31,20,Male,Timer,Stressed,70,65,Timer,7,yellow,incongruent,y,Red,y,1,0.9820182
P31,20,Male,Timer,Stressed,70,65,Timer,8,green,congruent,g,Green,g,1,0.7925072
P31,20,Male,Timer,Stressed,70,65,Timer,9,blue,incongruent,b,Yellow,b,1,0.9499511
P31,20,Male,Timer,Stressed,70,65,Timer,10,blue,incongruent,b,Red,b,1,1.4598797
P31,20,Male,Timer,Stressed,70,65,Timer,11,yellow,incongruent,y,Blue,y,1,0.7883852
P31,20,Male,Timer,Stressed,70,65,Timer,12,red,incongruent,r,Green,r,1,1.0425652
P31,20,Male,Timer,Stressed,70,65,Timer,13,yellow,congruent,y,Yellow,y,1,0.8682376
P31,20,Male,Timer,Stressed,70,65,Timer,14,blue,congruent,b,Blue,b,1,0.7589009
P31,20,Male,Timer,Stressed,70,65,Timer,15,red,incongruent,r,Blue,r,1,0.7883238
P31,20,Male,Timer,Stressed,70,65,Timer,16,red,incongruent,r,Yellow,r,1,1.0958658
P31,20,Male,Timer,Stressed,70,65,Timer,17,yellow,congruent,y,Yellow,y,1,0.8120384
P31,20,Male,Timer,Stressed,70,65,Timer,18,yellow,incongruent,y,Green,y,1,1.4822251
P31,20,Male,Timer,Stressed,70,65,Timer,19,blue,incongruent,b,Green,b,1,0.9414271
P31,20,Male,Timer,Stressed,70,65,Timer,20,green,incongruent,g,Red,g,1,1.1653184
P32,20,Female,Unsure,Stressed,40,76,NoTimer,1,blue,congruent,b,Blue,b,1,1.4123231
P32,20,Female,Unsure,Stressed,40,76,NoTimer,2,green,incongruent,g,Yellow,g,1,0.9665607
P32,20,Female,Unsure,Stressed,40,76,NoTimer,3,blue,congruent,b,Blue,b,1,0.7040042
P32,20,Female,Unsure,Stressed,40,76,NoTimer,4,green,incongruent,g,Blue,g,1,0.9522922
P32,20,Female,Unsure,Stressed,40,76,NoTimer,5,yellow,incongruent,y,Blue,y,1,0.7974709
P32,20,Female,Unsure,Stressed,40,76,NoTimer,6,red,incongruent,r,Green,r,1,0.8217021
P32,20,Female,Unsure,Stressed,40,76,NoTimer,7,red,congruent,r,Red,r,1,0.7700581
P32,20,Female,Unsure,Stressed,40,76,NoTimer,8,yellow,incongruent,y,Green,y,1,0.9870192
P32,20,Female,Unsure,Stressed,40,76,NoTimer,9,red,congruent,r,Red,r,1,0.7751336
P32,20,Female,Unsure,Stressed,40,76,NoTimer,10,blue,incongruent,b,Yellow,b,1,0.8145384
P32,20,Female,Unsure,Stressed,40,76,NoTimer,11,blue,incongruent,b,Red,b,1,1.2216557
P32,20,Female,Unsure,Stressed,40,76,NoTimer,12,green,congruent,g,Green,g,1,0.7447808
P32,20,Female,Unsure,Stressed,40,76,NoTimer,13,red,incongruent,r,Blue,r,1,0.756978
P32,20,Female,Unsure,Stressed,40,76,NoTimer,14,green,incongruent,g,Red,g,1,1.0583078
P32,20,Female,Unsure,Stressed,40,76,NoTimer,15,green,congruent,g,Green,g,1,0.5816642
P32,20,Female,Unsure,Stressed,40,76,NoTimer,16,yellow,congruent,y,Yellow,y,1,0.7686429
P32,20,Female,Unsure,Stressed,40,76,NoTimer,17,blue,incongruent,b,Green,b,1,0.7415887
P32,20,Female,Unsure,Stressed,40,76,NoTimer,18,yellow,incongruent,y,Red,y,1,0.7761292
P32,20,Female,Unsure,Stressed,40,76,NoTimer,19,red,incongruent,r,Yellow,r,1,0.7200128
P32,20,Female,Unsure,Stressed,40,76,NoTimer,20,yellow,congruent,y,Yellow,y,1,0.9769196
P32,20,Female,Unsure,Stressed,40,76,Timer,1,blue,congruent,b,Blue,b,1,1.4123231
P32,20,Female,Unsure,Stressed,40,76,Timer,2,green,incongruent,g,Yellow,g,1,0.9665607
P32,20,Female,Unsure,Stressed,40,76,Timer,3,blue,congruent,b,Blue,b,1,0.7040042
P32,20,Female,Unsure,Stressed,40,76,Timer,4,green,incongruent,g,Blue,g,1,0.9522922
P32,20,Female,Unsure,Stressed,40,76,Timer,5,yellow,incongruent,y,Blue,y,1,0.7974709
P32,20,Female,Unsure,Stressed,40,76,Timer,6,red,incongruent,r,Green,r,1,0.8217021
P32,20,Female,Unsure,Stressed,40,76,Timer,7,red,congruent,r,Red,r,1,0.7700581
P32,20,Female,Unsure,Stressed,40,76,Timer,8,yellow,incongruent,y,Green,y,1,0.9870192
P32,20,Female,Unsure,Stressed,40,76,Timer,9,red,congruent,r,Red,r,1,0.7751336
P32,20,Female,Unsure,Stressed,40,76,Timer,10,blue,incongruent,b,Yellow,b,1,0.8145384
P32,20,Female,Unsure,Stressed,40,76,Timer,11,blue,incongruent,b,Red,b,1,1.2216557
P32,20,Female,Unsure,Stressed,40,76,Timer,12,green,congruent,g,Green,g,1,0.7447808
P32,20,Female,Unsure,Stressed,40,76,Timer,13,red,incongruent,r,Blue,r,1,0.756978
P32,20,Female,Unsure,Stressed,40,76,Timer,14,green,incongruent,g,Red,g,1,1.0583078
P32,20,Female,Unsure,Stressed,40,76,Timer,15,green,congruent,g,Green,g,1,0.5816642
P32,20,Female,Unsure,Stressed,40,76,Timer,16,yellow,congruent,y,Yellow,y,1,0.7686429
P32,20,Female,Unsure,Stressed,40,76,Timer,17,blue,incongruent,b,Green,b,1,0.7415887
P32,20,Female,Unsure,Stressed,40,76,Timer,18,yellow,incongruent,y,Red,y,1,0.7761292
P32,20,Female,Unsure,Stressed,40,76,Timer,19,red,incongruent,r,Yellow,r,1,0.7200128
P32,20,Female,Unsure,Stressed,40,76,Timer,20,yellow,congruent,y,Yellow,y,1,0.9769196